dt_ms,spatial_tolerance,temporal_tolerance,cancellation_rate,mean_disp_px,frac_matches_ge_3px,frac_matches_ge_5px
0.0,1.0,0.5,100.0,0.0,0.12319939418114051,0.03394633936788147
0.0,1.0,1.0,100.0,0.0,0.06560186404424365,0.016239780813448106
0.0,1.0,1.5,100.0,0.0,0.052058449429580246,0.048796394086479775
0.0,1.0,2.0,100.0,0.0,0.13324426408004217,0.018493564427131046
0.0,1.0,2.5,100.0,0.0,0.08042422429595378,0.030990257265289513
0.0,1.5,0.5,100.0,0.0,0.09319450186421158,0.021649165607921676
0.0,1.5,1.0,100.0,0.0,0.07921446485352182,0.02465447373174767
0.0,1.5,1.5,100.0,0.0,0.09560699842170359,0.041407038455720545
0.0,1.5,2.0,100.0,0.0,0.10924145688620424,0.01185801650879991
0.0,1.5,2.5,100.0,0.0,0.11075448519014383,0.016820964947491662
0.0,2.0,0.5,100.0,0.0,0.11842330265121569,0.02760609974958405
0.0,2.0,1.0,100.0,0.0,0.06220382348447789,0.029807076404450808
0.0,2.0,1.5,100.0,0.0,0.0811711076089411,0.030802720847112434
0.0,2.0,2.0,100.0,0.0,0.10467102793432796,0.017394178221021083
0.0,2.0,2.5,100.0,0.0,0.05884925020519195,0.017839314496765808
0.0,2.5,0.5,100.0,0.0,0.05452272889105381,0.023013213230530575
0.0,2.5,1.0,100.0,0.0,0.13287375091519293,0.024270133067743574
0.0,2.5,1.5,100.0,0.0,0.07809345096873807,0.03170784332632994
0.0,2.5,2.0,100.0,0.0,0.057455064367977086,0.049475477464020694
0.0,2.5,2.5,100.0,0.0,0.12722447692966574,0.017948627261366895
0.0,3.0,0.5,100.0,0.0,0.12712703466859457,0.012961786069363615
0.0,3.0,1.0,100.0,0.0,0.08584657285442726,0.014634762381005188
0.0,3.0,1.5,100.0,0.0,0.08308980248526492,0.012542334011440946
0.0,3.0,2.0,100.0,0.0,0.08109823217156623,0.023007332881069882
0.0,3.0,2.5,100.0,0.0,0.13872127425763264,0.028888597006477973
1.0,1.0,0.5,81.86020936467024,0.6793913689074526,0.1213244787222995,0.0404314019446759
1.0,1.0,1.0,83.63859781329555,1.2406933945465861,0.1022732829381994,0.027101640734341986
1.0,1.0,1.5,81.32409181151523,0.5381286901161428,0.060789142699330445,0.011257167427469371
1.0,1.0,2.0,77.81022839034578,1.262856036747054,0.1407566473926093,0.019971689165955
1.0,1.0,2.5,82.73271254220744,1.1155743845534447,0.12555511385430485,0.0191519266196649
1.0,1.5,0.5,79.97340646410534,0.7418319308810066,0.1429697652342573,0.04232481518257668
1.0,1.5,1.0,81.04399171944915,1.4501056347656351,0.13714605901877175,0.04214688307596458
1.0,1.5,1.5,84.64145357462814,1.8441369498852398,0.08180034749718638,0.01440207698110707
1.0,1.5,2.0,82.24883589543826,0.8419027438129125,0.09271077886262563,0.04272059063689973
1.0,1.5,2.5,76.58737721240165,0.8331617157060953,0.061986536733368285,0.023504606856145117
1.0,2.0,0.5,82.33876519530612,1.9143645558687787,0.08232029320207553,0.030751624869734644
1.0,2.0,1.0,81.26161569059407,1.957673124081441,0.14624472949421113,0.020071291833014565
1.0,2.0,1.5,85.95564678484718,1.245872758838578,0.08008783098167696,0.021393619775098703
1.0,2.0,2.0,83.35242467262793,1.2540185348432922,0.05514787512499894,0.021145858569464458
1.0,2.0,2.5,82.28251074643256,1.8623988289499804,0.07395618906669724,0.015795794883648923
1.0,2.5,0.5,82.32737123590188,0.8630829072672506,0.11721355474058785,0.0404647846131487
1.0,2.5,1.0,83.13296900763945,0.8564563159885995,0.12282163486118595,0.02471132530877013
1.0,2.5,1.5,85.95813991928497,1.3036620261121377,0.05902897700544083,0.04341209982356952
1.0,2.5,2.0,85.9323808145124,0.9811700974576038,0.06865185103998542,0.011631005662190557
1.0,2.5,2.5,86.56093921488552,0.5248817433917843,0.1012093058299281,0.01905983100791752
1.0,3.0,0.5,83.39490813879935,1.4677591856141747,0.06743664290049914,0.03763750952409864
1.0,3.0,1.0,84.38882573945206,0.7062814162189899,0.08410663510502585,0.014538940849623563
1.0,3.0,1.5,82.82585455380247,1.887040427417844,0.13773393533809808,0.020317665108606227
1.0,3.0,2.0,85.2354505293659,1.3328012173991934,0.10296505783560064,0.01967409163601807
1.0,3.0,2.5,84.20062563019799,0.6396541517088488,0.13972157579533268,0.046016722286533224
2.0,1.0,0.5,57.591729305408336,1.0238143619189914,0.12259556788702393,0.045884410398103086
2.0,1.0,1.0,64.35326671300321,1.830629636397676,0.1279875545857624,0.03568126584617151
2.0,1.0,1.5,62.424388739773676,0.5137955774249445,0.060147154286603215,0.03654007076432223
2.0,1.0,2.0,63.66661506592921,0.507592375769328,0.06608080514174987,0.03194935157466344
2.0,1.0,2.5,64.07050698541767,0.8364039641908396,0.12121792213475359,0.019489963499872004
2.0,1.5,0.5,64.37202352380433,0.9880995472389016,0.12464914051180241,0.035985315961888587
2.0,1.5,1.0,64.07078468888884,1.3524629050032075,0.05936747678280925,0.024708632122377342
2.0,1.5,1.5,65.10288337069994,0.8978035515225882,0.07439896433790835,0.048920422190097824
2.0,1.5,2.0,64.97915929715772,1.4467079389958943,0.12948113035416484,0.030105483724207682
2.0,1.5,2.5,62.74262318438831,1.3653558269395387,0.09925176938188639,0.01780971951192178
2.0,2.0,0.5,61.045780948643674,0.5364739496471808,0.11454722959071678,0.017084427176281957
2.0,2.0,1.0,66.42617220240207,1.9106878765293716,0.14539285770025873,0.04659457560881795
2.0,2.0,1.5,64.2235474230126,1.9499822285655044,0.14636199770892527,0.044120378218694405
2.0,2.0,2.0,65.95249383667141,0.9416733381043785,0.08850977286019253,0.04404546686067428
2.0,2.0,2.5,62.61971896235298,1.3352018936875252,0.1436154774160781,0.03784119186699892
2.0,2.5,0.5,61.945881565504685,1.3550917551340476,0.059717649377076854,0.03460028906796679
2.0,2.5,1.0,66.58665921850069,1.6111529266313067,0.1197015740995268,0.03809936335948437
2.0,2.5,1.5,64.5745339197352,1.0392367268296328,0.07935918442644933,0.04237444621914055
2.0,2.5,2.0,65.08071044051763,1.869860828834707,0.10113423988609377,0.030060651787487985
2.0,2.5,2.5,64.98622718273614,1.6974427684501627,0.11499639307777651,0.038078675090308135
2.0,3.0,0.5,63.436404517128736,1.0069927352773038,0.0875582952639944,0.01375927759363476
2.0,3.0,1.0,64.82417404488058,1.3674202114942609,0.05359422737967421,0.02862392072529841
2.0,3.0,1.5,60.894819190814935,1.3862498908535161,0.053050024993904946,0.011493927549968577
2.0,3.0,2.0,65.1864212846492,1.7339008409894874,0.08601906414112628,0.015082420506075393
2.0,3.0,2.5,67.59257248304169,0.8237315412452648,0.11228904758190003,0.01341389859975072
3.0,1.0,0.5,46.694386567837164,0.5775225817529115,0.1031354631568148,0.03162540486440426
3.0,1.0,1.0,50.66415554959841,1.963778119193802,0.10163003483011954,0.02291825891764984
3.0,1.0,1.5,49.59481652290475,1.6927792921530556,0.07708322512620742,0.027558856828225446
3.0,1.0,2.0,46.39364641218149,0.7599414801062687,0.06564370426710861,0.020009715926583814
3.0,1.0,2.5,51.25988802891131,1.3238399970591808,0.12145959227000623,0.03640789506870925
3.0,1.5,0.5,48.44187709861582,1.4175811193515284,0.09196000624277899,0.019909239580046298
3.0,1.5,1.0,52.48998654065398,1.0339590179768923,0.1257846110464369,0.010575739545190236
3.0,1.5,1.5,48.712500645281665,0.6467512409765022,0.09916158751168323,0.02893887083122263
3.0,1.5,2.0,52.931295928639614,0.7598028048650227,0.09338516492379731,0.025940189375894936
3.0,1.5,2.5,52.27341987141317,0.5679560146580668,0.08746126146264713,0.035034396628569456
3.0,2.0,0.5,51.58381218199747,1.2547043878701316,0.13564898411883222,0.0363477452647578
3.0,2.0,1.0,50.0323695160319,1.378663371910195,0.14402302414249574,0.03301896711503516
3.0,2.0,1.5,50.559077781929325,1.082254889309783,0.11432882184423532,0.028330115619660666
3.0,2.0,2.0,51.81098159322694,1.0791539567011614,0.14611905638239142,0.04621402567824255
3.0,2.0,2.5,50.5792293989745,0.7936867021839447,0.05693613008751655,0.014031120055097067
3.0,2.5,0.5,47.96441903559028,0.978463445440642,0.13448753109694545,0.010930877429433035
3.0,2.5,1.0,50.852481090266444,1.7217027238834037,0.07818547747733999,0.01472659310486625
3.0,2.5,1.5,52.34130675538839,1.8162080202905795,0.12350710438038857,0.04213923721539395
3.0,2.5,2.0,53.34238506261974,0.9230518588569597,0.06774395437797229,0.04002459006563434
3.0,2.5,2.5,46.86194134383144,1.6646194411129953,0.08408035402530178,0.04723029302414259
3.0,3.0,0.5,46.49614435913129,1.7876191277645177,0.09289940273750183,0.0400348427116599
3.0,3.0,1.0,49.62145386215241,1.85382936001935,0.10052523724478571,0.04305829864430967
3.0,3.0,1.5,50.96053067963994,0.9800744015459176,0.13955232284962005,0.025568067149366526
3.0,3.0,2.0,49.89520364311792,1.9250929505762073,0.1450607146937556,0.032937515524931446
3.0,3.0,2.5,49.211095201878244,1.447755818254699,0.09484455219783197,0.02172843086792258
4.0,1.0,0.5,38.30050157595419,1.62856179415652,0.12915790437258484,0.04158472571178216
4.0,1.0,1.0,34.99733479397,0.6368091545730356,0.09944203047025815,0.012302350400665771
4.0,1.0,1.5,33.21062023513648,1.8315562741374496,0.08509150125520787,0.014682680657104236
4.0,1.0,2.0,40.931518765530484,0.7144875230792538,0.12615106317174724,0.03472872253265044
4.0,1.0,2.5,36.52404891859192,1.7327900889355343,0.12062422271564961,0.013253951225675992
4.0,1.5,0.5,37.548301187451976,0.6272565711277879,0.14866395785011755,0.024970831830244813
4.0,1.5,1.0,40.949364409214894,1.920872866075788,0.1486001063822871,0.040135127410357664
4.0,1.5,1.5,37.6858922712464,1.0643893782963736,0.05835007166986688,0.04108587663709747
4.0,1.5,2.0,34.56650386245276,1.859531577642104,0.06111974823061514,0.029705004171634367
4.0,1.5,2.5,41.78072029348239,0.5170304671511285,0.09686606419941263,0.012252131027273494
4.0,2.0,0.5,40.932932184358876,1.3750531476457395,0.14621725484745418,0.024994823180948166
4.0,2.0,1.0,41.432381935325125,0.9285681294227911,0.13685991281894602,0.018943833540778107
4.0,2.0,1.5,40.029961061434804,1.9894471941789504,0.05737965647353989,0.03215417137605283
4.0,2.0,2.0,41.857664345113974,1.9539538034286483,0.10230978441701488,0.0351759455254105
4.0,2.0,2.5,39.0267713291803,1.4413371201260952,0.10843143119231002,0.04604632041963956
4.0,2.5,0.5,42.1105897453709,0.5681695705121868,0.07809631895922303,0.048016459363062355
4.0,2.5,1.0,39.668791861138025,1.4301988967023052,0.07773811829811327,0.017524846388950452
4.0,2.5,1.5,41.84327398535925,1.1955476074099733,0.08533522280260528,0.033346244474034885
4.0,2.5,2.0,36.065242698268605,1.720692529560423,0.11847311725538792,0.016504677573795652
4.0,2.5,2.5,40.615608650007644,1.8663907767407637,0.1322537242923169,0.04799199653167696
4.0,3.0,0.5,39.87458176545597,1.1273645544359283,0.14327284833540133,0.044642555580016334
4.0,3.0,1.0,42.8439729832563,0.5678280051592841,0.052636697449725205,0.025058534675121986
4.0,3.0,1.5,40.48161078124341,1.0713362849465322,0.14699143978146031,0.04368475692542835
4.0,3.0,2.0,37.695963995263725,1.7574930570667067,0.09686931597949702,0.02659278009350661
4.0,3.0,2.5,39.673398404219334,1.7970835643825798,0.13129010091300775,0.04998870693144523
5.0,1.0,0.5,27.85413372758223,1.994955255610858,0.10554317056026274,0.04075949660722042
5.0,1.0,1.0,28.839056227744695,0.6937391227272425,0.14540510272587223,0.0342469853780352
5.0,1.0,1.5,26.26685669910261,0.842964208255194,0.11717006844058567,0.034725129618315836
5.0,1.0,2.0,27.809317486346153,1.5073597933891993,0.10203077009037934,0.04089273566942558
5.0,1.0,2.5,28.857374773315723,1.28024525166799,0.135218150031854,0.032076273550979424
5.0,1.5,0.5,31.268263337281734,1.1052242993185954,0.06340152284506408,0.01115130705253356
5.0,1.5,1.0,31.04727990919388,1.6327058835104284,0.11203095513534647,0.03816319072396895
5.0,1.5,1.5,29.847802990633884,0.5218169985018228,0.0850587558806597,0.033596707474185326
5.0,1.5,2.0,30.03048636692878,1.0883660676495985,0.09374749220237291,0.04616634777974994
5.0,1.5,2.5,31.115372482524425,1.6754795191117147,0.08965427823212702,0.03488346800911494
5.0,2.0,0.5,26.12337198791676,1.7935455631201178,0.1449520623657642,0.01588293923716152
5.0,2.0,1.0,31.935667126907706,0.8873665824484376,0.09591357562382613,0.04920130301141908
5.0,2.0,1.5,33.55791450357023,1.2389271409893043,0.08287516102875082,0.035336034172669034
5.0,2.0,2.0,31.71928103107467,0.6933195828659738,0.06280458389577724,0.016076107740491775
5.0,2.0,2.5,31.814496334667332,0.7082407589741152,0.11408747448032146,0.017275203375965793
5.0,2.5,0.5,31.95983970740118,1.2109424603943086,0.11675577385210271,0.016892794848065194
5.0,2.5,1.0,31.383719028115493,0.7884335282130062,0.054086861626647886,0.016757402522886582
5.0,2.5,1.5,30.3341054976006,0.6330538006355835,0.06206358711006008,0.02843115072130903
5.0,2.5,2.0,30.847052657709863,0.8095005776086888,0.08642698610480755,0.030136690834194277
5.0,2.5,2.5,31.761204619217864,1.699115598363564,0.11279003894909077,0.013270361277954876
5.0,3.0,0.5,30.549371807661437,1.810367936160166,0.1420872400531813,0.01244311839419455
5.0,3.0,1.0,33.6678121733786,1.6223895355754876,0.06845210193563774,0.018373972933468413
5.0,3.0,1.5,30.724376199106473,1.055708154187073,0.09845229851910213,0.03473019086121184
5.0,3.0,2.0,30.71205527880049,1.621206407200635,0.053668320289059795,0.02009747777376083
5.0,3.0,2.5,27.58084353169362,1.5700243788268287,0.13952068376871993,0.030467097684626646
6.0,1.0,0.5,20.064694119347095,1.171118550235182,0.10326172664550232,0.019698820145389186
6.0,1.0,1.0,23.668196118430316,0.9038648464240715,0.08772841631046227,0.010802847911109055
6.0,1.0,1.5,21.38670594890206,0.991246028266872,0.06197621318192512,0.0456210912295958
6.0,1.0,2.0,22.20048452256921,1.390388680331073,0.11791023191444895,0.04156684954429354
6.0,1.0,2.5,21.761282975825047,1.3056598127278216,0.10868411180208791,0.0398175789673732
6.0,1.5,0.5,23.252639374140532,1.147489319344519,0.06275803027955637,0.021351036231948978
6.0,1.5,1.0,27.550695086652368,1.3561674570033677,0.08560967258978462,0.04946060995171919
6.0,1.5,1.5,22.13993263477144,1.4086622290353308,0.07372267917359945,0.01407129890481615
6.0,1.5,2.0,23.843011409132487,0.7410220598893336,0.06865670240513058,0.021403806747753884
6.0,1.5,2.5,23.50724535428644,0.7600603929421322,0.1396765424626425,0.013209349826465688
6.0,2.0,0.5,19.50371217147081,1.9735679253629095,0.06120389021680524,0.025914223961829665
6.0,2.0,1.0,27.378515617905578,1.9542056499130533,0.13655071258939802,0.0426828828379712
6.0,2.0,1.5,24.561227621586642,1.5029648298866465,0.1429375989127586,0.03227051572055719
6.0,2.0,2.0,24.94407061035443,1.3574190342048498,0.07799790936602842,0.040779717327677475
6.0,2.0,2.5,24.880117208256088,1.1381546579246251,0.10076103786844551,0.01969638929660321
6.0,2.5,0.5,22.50513776753777,0.6722552371088053,0.11106200424416326,0.02154522212961023
6.0,2.5,1.0,23.730947757615475,1.2217101527822263,0.10325894325515858,0.012072941472897076
6.0,2.5,1.5,26.544716546201762,1.0049064172908808,0.06344146769389743,0.01253499881891071
6.0,2.5,2.0,24.80529385700247,1.522254083335894,0.12602278598896866,0.03382554962431377
6.0,2.5,2.5,27.52973340406596,1.2073642828252376,0.09118409141472686,0.02395473066171981
6.0,3.0,0.5,24.848689783575985,0.7718495992484902,0.056649626736677755,0.03964482597160236
6.0,3.0,1.0,26.18801905308654,1.3617096697698678,0.1341828776758272,0.01559089506505158
6.0,3.0,1.5,24.820199109346742,0.7454839142985568,0.0664265797930993,0.04258298880925529
6.0,3.0,2.0,27.185888251716523,1.4977958310443003,0.10230654247691193,0.0243532193649401
6.0,3.0,2.5,25.468824577440163,1.7248991592073657,0.09391349085702183,0.025077777176996302
7.0,1.0,0.5,19.428762198984092,1.1940196785044097,0.08013778741641421,0.03990437520705004
7.0,1.0,1.0,15.873024450174219,1.8493618599118526,0.08838912213732114,0.031742114444559544
7.0,1.0,1.5,19.065635160949135,1.8597081664468205,0.1124237995913992,0.014675921628334563
7.0,1.0,2.0,19.363917083902425,1.0023584219856292,0.06392720726633873,0.04176100757081184
7.0,1.0,2.5,20.171401672600556,1.4301091338927703,0.10334610919763215,0.04575570332203831
7.0,1.5,0.5,17.80873827581898,0.9675831016933223,0.07484891398144658,0.03975785170290708
7.0,1.5,1.0,21.091169441019883,0.550298652103669,0.10698896848713166,0.04049834742962762
7.0,1.5,1.5,19.58847485611536,1.7318859570080192,0.06106317369552072,0.04385809166938073
7.0,1.5,2.0,21.94180569283181,0.6912329934979736,0.08972872905603672,0.04189181463118215
7.0,1.5,2.5,19.42871243876232,1.5833788525895995,0.12200365365460743,0.03564590531541189
7.0,2.0,0.5,18.92823677696726,1.54092266670065,0.10427244433475961,0.02007196235627811
7.0,2.0,1.0,19.41675751796717,1.8626758420004426,0.10833917947661204,0.026034056670545598
7.0,2.0,1.5,20.50769957371844,1.193008705466199,0.1447283339611815,0.016134056124643206
7.0,2.0,2.0,21.894590007272136,1.4171813531519717,0.05181101838208405,0.04488495635776606
7.0,2.0,2.5,26.820671490458373,1.8981774237254185,0.10651331835892089,0.03786603295507569
7.0,2.5,0.5,20.46725039762715,0.728808564371392,0.10762883601668131,0.03426860185531424
7.0,2.5,1.0,22.417761654288217,1.136196006953579,0.12364442356247228,0.047374680590760596
7.0,2.5,1.5,21.353072995548853,0.6698570687611329,0.14848411989623345,0.04355592345783737
7.0,2.5,2.0,23.095674858894178,0.6869940218049002,0.14208418826173724,0.04479585448248513
7.0,2.5,2.5,26.610910527136244,1.0985040558051953,0.05547616388220314,0.023407889665836037
7.0,3.0,0.5,21.08143365787686,1.7042801728970172,0.05046320230046029,0.023339966867645768
7.0,3.0,1.0,23.23802130172181,1.8797834246191407,0.08463459943659613,0.02387812807584911
7.0,3.0,1.5,16.892053575705013,1.6062518721646226,0.09522179408898071,0.018984192917599278
7.0,3.0,2.0,19.282690308167496,0.764580479759335,0.09983677727394796,0.026757017980181916
7.0,3.0,2.5,21.235454990202214,1.8722688516021502,0.08623938991166331,0.03322353401112174
8.0,1.0,0.5,12.135754889331903,1.9416054762041828,0.06486627277531129,0.02658496494908095
8.0,1.0,1.0,16.70347784771893,0.6280245021179658,0.1496874251845947,0.030087800413249703
8.0,1.0,1.5,14.31500680495527,1.6249407055987666,0.07099055930955858,0.045922171577628554
8.0,1.0,2.0,15.96871235736764,0.8077094607230108,0.06906877206636666,0.011461986713923795
8.0,1.0,2.5,20.809992909803352,0.5985629591425286,0.12755276166950105,0.028131553389921106
8.0,1.5,0.5,13.205930321222642,1.28658540399137,0.09407627469382282,0.02603052243501304
8.0,1.5,1.0,14.565082499872812,0.7728921957429067,0.1361785621013517,0.04784461848534531
8.0,1.5,1.5,17.327542826700384,1.0599639744196294,0.07707446731435538,0.03575998172956063
8.0,1.5,2.0,16.196357287956676,0.7342288960492855,0.12159722288473974,0.03635695767640606
8.0,1.5,2.5,16.780959584596665,0.5406439887552252,0.07219721619329494,0.01924299186352286
8.0,2.0,0.5,16.867630785697354,0.7678169930815004,0.11527461078518747,0.01952731124186906
8.0,2.0,1.0,17.909448938448268,0.6491620891390177,0.0743172190999454,0.03889067727422637
8.0,2.0,1.5,18.639443240732856,1.0957752944276822,0.11680851365706461,0.018199371816632837
8.0,2.0,2.0,18.675650245498456,0.9397215953915199,0.13963358185211197,0.010520076940429442
8.0,2.0,2.5,14.830580886285883,1.8390075666154622,0.13174435617384408,0.02367269406791504
8.0,2.5,0.5,20.19951309894812,0.8891351501469387,0.08796924081672669,0.03361179770059231
8.0,2.5,1.0,19.68284236899745,1.1141174782868606,0.10520471808519802,0.02744506116541267
8.0,2.5,1.5,15.34409053973913,0.9416986393128766,0.14484533069621566,0.04054423176639043
8.0,2.5,2.0,20.113784610768157,1.6997828839209728,0.09252135044692333,0.010898772332804696
8.0,2.5,2.5,18.10822272914954,0.9030160390774191,0.10416342146608669,0.03533912879304589
8.0,3.0,0.5,15.424430224220117,1.7523953551989486,0.1484402180703552,0.031027607292107434
8.0,3.0,1.0,17.33385316240414,0.7575189287724553,0.07723073265193689,0.01073562706189867
8.0,3.0,1.5,14.91095325847003,1.3312670037736902,0.11514203883518642,0.04318967214828807
8.0,3.0,2.0,19.273866541041684,0.8096319076409049,0.05109958286584805,0.015475425202752292
8.0,3.0,2.5,21.41120612075444,1.4975550118193832,0.06753712786234496,0.04657647783699839
9.0,1.0,0.5,14.783617969599085,1.1281557873381096,0.08831385282494975,0.030756708211313502
9.0,1.0,1.0,12.44660252648313,1.4047281641995824,0.0745349109681321,0.025571824561679064
9.0,1.0,1.5,13.539745424869391,0.9330406051560498,0.08556727164649491,0.038761836207369824
9.0,1.0,2.0,14.290562617480159,1.2140756032986495,0.11636711653626482,0.04747318957299032
9.0,1.0,2.5,9.635481263259432,1.5988581458153754,0.07149403785907568,0.011247325402451387
9.0,1.5,0.5,14.107762427739525,0.5771387202263756,0.09963662472012363,0.03387371395667557
9.0,1.5,1.0,11.354268733104453,1.0013658362254412,0.1270912203745822,0.014263930125350873
9.0,1.5,1.5,14.752319536532925,1.2432369743092977,0.1188402396427736,0.02739309354414985
9.0,1.5,2.0,13.72292415432458,0.8696030498586602,0.13191023176741995,0.04197663515875917
9.0,1.5,2.5,12.217066828553284,1.3853460003036306,0.08609738969400269,0.013663282933065367
9.0,2.0,0.5,16.001593713766347,1.8759703631933642,0.06368186309189613,0.0480094941528321
9.0,2.0,1.0,13.003932920801997,1.3128514210675373,0.13729458358764082,0.039288995456382446
9.0,2.0,1.5,15.190138261059454,1.7098417217921746,0.11587833667107174,0.0376910625807141
9.0,2.0,2.0,14.735140082003923,1.2341374454647107,0.07212094418196022,0.04950672031986588
9.0,2.0,2.5,16.90851196666374,1.91608900952992,0.05394268113685059,0.03822300690062754
9.0,2.5,0.5,15.779598168353887,0.5509189678786983,0.119742026724684,0.02189396029490203
9.0,2.5,1.0,15.910324007568807,1.8865942930647956,0.14710582451653675,0.04777065956453736
9.0,2.5,1.5,17.900767574147093,1.7668240978026055,0.08191004732432557,0.0431566189660271
9.0,2.5,2.0,15.481797151658823,0.5555114520732389,0.10962698784820529,0.019200353491508122
9.0,2.5,2.5,13.55765895062253,1.5871501572931421,0.05653563407989424,0.022611613513224414
9.0,3.0,0.5,16.69848235755314,1.3092369385630058,0.12907231648389633,0.022750100117282797
9.0,3.0,1.0,17.378158747418585,1.423794782273457,0.07329594747536337,0.01097603126226152
9.0,3.0,1.5,16.20869310986724,1.8051483108513948,0.052126941085038715,0.04498806690736798
9.0,3.0,2.0,17.069427879487698,1.6981748536604981,0.14979341105333374,0.024028472618068404
9.0,3.0,2.5,15.736663125324297,1.6507824333966903,0.09019309136092421,0.029195024812156356
10.0,1.0,0.5,11.582916947057063,1.9761252037989427,0.1268273413864518,0.026710671286693348
10.0,1.0,1.0,11.870985853702004,1.1320355034156053,0.12375823015888915,0.019551085830732094
10.0,1.0,1.5,10.642540950584479,0.9308584874811225,0.079630812045599,0.019344310041996396
10.0,1.0,2.0,9.633688093441087,0.5631397844545428,0.05178739347334138,0.049508895589441264
10.0,1.0,2.5,7.375905324546616,1.5194709240396047,0.07182538878650642,0.04799844735800902
10.0,1.5,0.5,8.578470263468986,1.679517521623328,0.05894110023122595,0.026703231031397136
10.0,1.5,1.0,17.11270743757411,0.7505509191381128,0.14911686261369766,0.019266868055337734
10.0,1.5,1.5,11.165468099668406,1.9140976612026885,0.11496466489923685,0.03430947179515437
10.0,1.5,2.0,9.35334125144705,0.7647920480082624,0.07204862090701754,0.01745753048577018
10.0,1.5,2.5,12.641187854908873,1.66937671035013,0.085012525916673,0.012313707062535855
10.0,2.0,0.5,11.496463390008598,1.637357713556137,0.11960206180537922,0.0161558362535942
10.0,2.0,1.0,11.396121512737485,1.7237496874859266,0.07244405718366606,0.018952704592904924
10.0,2.0,1.5,18.458014656827153,1.3701293117567168,0.05914868373977549,0.04509843450521522
10.0,2.0,2.0,15.618938529895024,0.8984000638830592,0.06295149212828041,0.04554992319475909
10.0,2.0,2.5,14.83026013234042,1.3262860559137089,0.058698675991141015,0.02633812852282795
10.0,2.5,0.5,14.410481234572678,1.059032775518471,0.07597537837603262,0.0389368045475434
10.0,2.5,1.0,12.061444330666026,0.830274802924717,0.11832587636595959,0.013045234379612008
10.0,2.5,1.5,13.726705777661637,1.776810371073153,0.09951465270139742,0.02922346309306592
10.0,2.5,2.0,16.154518082667412,1.0217138118532896,0.11780161525590635,0.032629278559831644
10.0,2.5,2.5,14.429532028795483,0.900542405254132,0.1378629986355158,0.041897040864277126
10.0,3.0,0.5,14.109255212062873,1.8009413014397035,0.12083629767150347,0.04348053313454688
10.0,3.0,1.0,14.586631774586255,1.5462071925039256,0.11801407717603003,0.034744455128607375
10.0,3.0,1.5,12.444879276954378,1.8213061387983926,0.13718435277452318,0.011169891321382366
10.0,3.0,2.0,14.704386141583232,1.738725125847144,0.06288698674734453,0.023404754170365676
10.0,3.0,2.5,12.364181284601004,1.7269505361785933,0.13321341779577417,0.030298709350433446
11.0,1.0,0.5,9.30584196126831,0.5095788075752503,0.07870381331749128,0.03467707673502969
11.0,1.0,1.0,9.865215123002429,0.8897053715962397,0.11340057030996113,0.03159941518863422
11.0,1.0,1.5,9.99584322239884,1.6697680927267153,0.060698063882695844,0.04044111610008112
11.0,1.0,2.0,10.891975635738948,1.012808249058029,0.11326218931339481,0.0472811242204007
11.0,1.0,2.5,9.91183902671147,0.6537645919860189,0.1437228487236451,0.037515428892032535
11.0,1.5,0.5,9.193186137419076,1.5622581329679224,0.056735060146877174,0.03328681840705093
11.0,1.5,1.0,10.256599279531168,1.018824585429435,0.1120915517767477,0.011829681352500515
11.0,1.5,1.5,11.800135459721394,0.5368803746882023,0.05221235515289973,0.022944408765981653
11.0,1.5,2.0,10.014320151519346,1.2329647856069985,0.12704074178077931,0.037331815064260206
11.0,1.5,2.5,7.663943822267752,1.9956867502365667,0.0926181302235973,0.028055480973187018
11.0,2.0,0.5,10.002945172752735,0.7454357317875038,0.12948095487499295,0.03774728903125955
11.0,2.0,1.0,14.559637304998956,0.9098892904973139,0.145086356225041,0.01604231567123601
11.0,2.0,1.5,14.937018575529686,1.1485022015639028,0.14436159201675988,0.026789092677044893
11.0,2.0,2.0,9.861411364303546,0.911322803523005,0.14839776479598282,0.026373360252601723
11.0,2.0,2.5,15.636204833041743,1.8411488055187015,0.07299546058910862,0.018524188161003333
11.0,2.5,0.5,10.964343353745571,1.0527895155856417,0.1364358249839637,0.02892839626766229
11.0,2.5,1.0,11.857125720684556,1.9522901418720826,0.06855255157031212,0.044744926718224436
11.0,2.5,1.5,13.731362008644501,1.7671748421753315,0.12610239909429988,0.035048812865256615
11.0,2.5,2.0,13.761011086725414,0.6968673165235814,0.0532526179491252,0.04683391391262748
11.0,2.5,2.5,14.814334461120326,1.222283527268825,0.06173081889623945,0.015007431688102018
11.0,3.0,0.5,11.798740060184254,1.528347930843457,0.09303058948994627,0.01802098906801347
11.0,3.0,1.0,10.834266110209855,1.3729571028715981,0.07689934044350977,0.041902364025487526
11.0,3.0,1.5,12.287352863365323,0.9655429383853606,0.09552201490818012,0.010464821596324026
11.0,3.0,2.0,11.969861168751423,1.2199082520756852,0.11000205481193037,0.02166650314837213
11.0,3.0,2.5,10.939611545944715,1.5424728291898138,0.13601223971892046,0.041194039555733995
12.0,1.0,0.5,7.194970135283293,0.6573952676272623,0.07420450158625275,0.04946650373068586
12.0,1.0,1.0,7.601314650200406,0.7137433143522698,0.0998888153451356,0.034726229372724765
12.0,1.0,1.5,9.793101646807454,0.5146562711287754,0.08264613082439919,0.030708465735388456
12.0,1.0,2.0,12.306574270330287,0.63179974871725,0.08506269312091808,0.011328124351654662
12.0,1.0,2.5,8.38530015524458,0.6990736310645905,0.10675408482615581,0.03757859876549063
12.0,1.5,0.5,7.029569918219118,1.7008800486636244,0.07001502442448101,0.01669930329036279
12.0,1.5,1.0,10.544345214176058,1.5597135897303518,0.053158614482564204,0.047448489849747595
12.0,1.5,1.5,8.396233458267186,0.5779569254772086,0.10412963353010704,0.03836242077803666
12.0,1.5,2.0,10.779850392246907,1.7025921246046878,0.0839450192542806,0.042593004549860494
12.0,1.5,2.5,11.356214250194125,0.6201722695770127,0.13948166560605274,0.03190369504614945
12.0,2.0,0.5,9.347417836342892,1.4653665427947875,0.10264026609361132,0.039263580870213276
12.0,2.0,1.0,13.877880542941924,0.6224449730458843,0.05603520839905638,0.01988412936040586
12.0,2.0,1.5,9.180171595739235,1.6845477607137187,0.11587077755008761,0.029927828658125558
12.0,2.0,2.0,10.184727614387112,1.3330453264064468,0.12192017782722638,0.01913818965325195
12.0,2.0,2.5,8.98766964847694,1.5203423636469369,0.05721984089791759,0.011226100088232244
12.0,2.5,0.5,10.871878865533025,0.8865243327668205,0.09626229567393163,0.044730900216335225
12.0,2.5,1.0,13.109082258136795,1.138240001672113,0.0845934992546963,0.02484155051938411
12.0,2.5,1.5,12.98964118671785,1.9814743456040866,0.054010919141248254,0.044681259844897944
12.0,2.5,2.0,8.119710366688608,1.5878864906227048,0.09866689414247029,0.044936929523266424
12.0,2.5,2.5,15.246798294539822,1.8510527960168877,0.09217209268734554,0.021073111889402064
12.0,3.0,0.5,11.344320573011498,0.8159932835084999,0.11229665835634828,0.03526240880370082
12.0,3.0,1.0,11.60187329833292,1.5996695336229214,0.06315676851272597,0.03863299858728354
12.0,3.0,1.5,11.890924344691442,1.2384167846720522,0.07472310744031771,0.04482999605090046
12.0,3.0,2.0,10.660344131492572,1.1679578825039982,0.10148173539296901,0.02436933477599063
12.0,3.0,2.5,8.932187993268117,1.0866223049776411,0.14694123223352873,0.020325337308045102
13.0,1.0,0.5,7.075731091719053,1.4851049968119383,0.08251900642246948,0.040938925027464025
13.0,1.0,1.0,4.825487106348168,0.610245120995019,0.06697579050875407,0.03079095794224071
13.0,1.0,1.5,7.392492466328342,1.0055047646469295,0.13288833658826094,0.027235500946472237
13.0,1.0,2.0,9.235132828341952,1.5601658253281687,0.06670419079009499,0.016704768651532708
13.0,1.0,2.5,5.153291732951939,0.5550071404003145,0.12364020150656405,0.036552181104872204
13.0,1.5,0.5,10.116302977938656,1.7085052294250798,0.10853543643967521,0.044730851220530346
13.0,1.5,1.0,9.00823918683215,0.8087618150551523,0.06119196193977279,0.020789984460679586
13.0,1.5,1.5,9.284054643899566,1.9049085384424422,0.053934354066850966,0.014884396560401072
13.0,1.5,2.0,7.812197504648777,1.1782985424251529,0.14338750175279047,0.02264624419907002
13.0,1.5,2.5,8.009757334914369,0.7225148014431333,0.1486630122958847,0.04860474785744182
13.0,2.0,0.5,8.955867912389785,0.5074099714016145,0.14518117854232387,0.03556479751262002
13.0,2.0,1.0,10.170124724717528,1.2733940428688753,0.09888465802569202,0.03667457030184417
13.0,2.0,1.5,12.60901709106357,0.7094768821344694,0.0529973589872678,0.022317197663647637
13.0,2.0,2.0,8.560348586916263,1.510148649987376,0.14699120461072704,0.013756028631576735
13.0,2.0,2.5,11.725820726346564,1.5089031773376895,0.0943750219304571,0.04472569017510022
13.0,2.5,0.5,10.031716283441968,1.7571729344721654,0.1444614219474023,0.037329921131585835
13.0,2.5,1.0,8.602964796935888,1.245762146012641,0.11178472402012138,0.04475619937914873
13.0,2.5,1.5,9.539442752108368,1.8964230432604667,0.11895267510315612,0.037060535431089864
13.0,2.5,2.0,10.572281479077978,0.8235127285965758,0.11588854702326572,0.025754576226166337
13.0,2.5,2.5,8.894027762494202,1.486767956904554,0.14994137257706663,0.011928481554422242
13.0,3.0,0.5,9.53054104668031,1.965761276331976,0.09069079607228706,0.04483013801349037
13.0,3.0,1.0,11.118484445527677,1.6076738138769897,0.13785155613013478,0.02616561286604132
13.0,3.0,1.5,13.307647505708063,0.990549742344858,0.11675933855635846,0.042313837677650346
13.0,3.0,2.0,11.880216954898108,1.1533749722193996,0.13178342161750217,0.014808362214824337
13.0,3.0,2.5,11.708078271757755,1.3167336469412743,0.05057586604981216,0.022983433196010813
14.0,1.0,0.5,3.2755187220006654,1.5432008100347931,0.08885581012703457,0.027947744904901227
14.0,1.0,1.0,4.044082457697302,0.8563161963114911,0.087325179162934,0.019090785090526058
14.0,1.0,1.5,7.670951473577457,1.5023191978325243,0.11194903460096145,0.028539761752022892
14.0,1.0,2.0,5.931332142463401,1.0696786702688448,0.1363333649571825,0.030763271405448725
14.0,1.0,2.5,6.423075338566893,1.0118717414392346,0.0880195618785857,0.025952911235876022
14.0,1.5,0.5,7.041693098381797,1.3702585538409984,0.10336025467268783,0.03431620371173778
14.0,1.5,1.0,9.94151003990693,1.5771846143397417,0.14555236959549345,0.010729303307054466
14.0,1.5,1.5,9.732501223862279,0.7936669785253192,0.05075628749781422,0.03589898856618412
14.0,1.5,2.0,8.07619251287149,1.89055181719446,0.05602673902895609,0.047377441072220576
14.0,1.5,2.5,9.365732948275157,1.0274340308594516,0.06014208284492165,0.029434870367453028
14.0,2.0,0.5,6.590418656349906,0.9609349473894299,0.13030258978326634,0.03156645106701018
14.0,2.0,1.0,7.863019138288411,0.9669615487340055,0.11103337833109184,0.038646026968927744
14.0,2.0,1.5,8.624916758429993,0.6828291400054214,0.06811493495346803,0.03724471415859931
14.0,2.0,2.0,6.657940457683241,0.7721575215434404,0.10251633836670601,0.038361850468897306
14.0,2.0,2.5,10.15251630287111,0.8848441755520456,0.14629268752375796,0.029341825868796988
14.0,2.5,0.5,6.4571077912057735,1.7089888246627372,0.10502265421562618,0.011736501314192767
14.0,2.5,1.0,10.775486555366637,1.4024177302194967,0.13191888594267903,0.04536825853393631
14.0,2.5,1.5,10.109994706163224,0.8421196579233987,0.07120448399082266,0.03443923955403967
14.0,2.5,2.0,12.130403345400849,1.8500346850970169,0.08534213793027182,0.019474822358979283
14.0,2.5,2.5,9.2297558501507,1.6707882728657928,0.0774806035548136,0.04290457274054714
14.0,3.0,0.5,11.97070998227073,0.6433029707520023,0.1123859324676573,0.028070707149489164
14.0,3.0,1.0,8.175175926341891,1.3799126947632112,0.06680142077448634,0.039474949797767285
14.0,3.0,1.5,9.123348605977444,0.6435718332802426,0.05236385860463364,0.03567886001773064
14.0,3.0,2.0,10.73863955636377,1.410641054133171,0.10466974127140699,0.019277883844639018
14.0,3.0,2.5,12.75055109564046,1.245150288288754,0.1487785520214887,0.015457590102269325
15.0,1.0,0.5,2.005756795781159,1.5427168310713908,0.09043187681042922,0.02712798459702459
15.0,1.0,1.0,8.829146580229246,1.9868839905532825,0.06283942894541253,0.014164385975366654
15.0,1.0,1.5,9.084476946271748,1.5865082256931118,0.1078386917006409,0.020966426662392235
15.0,1.0,2.0,4.67482010763167,1.032494458747906,0.05694238427460934,0.030762391636330814
15.0,1.0,2.5,5.453781423783965,0.6014188453883224,0.13003565078223617,0.01934848327641732
15.0,1.5,0.5,8.688504501281146,1.4763160535707913,0.10329577865513354,0.022973350124615023
15.0,1.5,1.0,8.343464025361918,0.999502869587297,0.11694869551981901,0.0497655744488467
15.0,1.5,1.5,9.516374474858791,1.595975765358869,0.09652056122837181,0.012405693704031408
15.0,1.5,2.0,12.019464348334573,1.3434452238168646,0.145762528450538,0.017012117694306387
15.0,1.5,2.5,6.144993896029634,1.303741526709622,0.059667644964671966,0.028014837450327408
15.0,2.0,0.5,9.135205843078616,1.634244993342869,0.08475715242389821,0.03659646897948872
15.0,2.0,1.0,8.308560470671441,0.7286240199956262,0.14924835021583752,0.04708003871697181
15.0,2.0,1.5,6.562090620875209,1.3099356954208394,0.13420332943764213,0.030838319090881687
15.0,2.0,2.0,7.8780201920467805,1.632905630745212,0.06277134836352348,0.04304270521010114
15.0,2.0,2.5,9.827064180683175,1.6730421315055788,0.12087446977429764,0.011446415220990484
15.0,2.5,0.5,5.735189996833836,1.0402046112072787,0.05876427467638386,0.047478312921242515
15.0,2.5,1.0,7.596886469731904,1.3307033610685643,0.08055243106580236,0.02587926068297134
15.0,2.5,1.5,13.68786499971862,1.2735191415447467,0.14193919732144172,0.02987853931623321
15.0,2.5,2.0,7.113472632000181,1.988237022234969,0.13514249577450957,0.018340420574293432
15.0,2.5,2.5,8.49920426079045,1.8169614806676042,0.13680566901074503,0.04223701600470485
15.0,3.0,0.5,10.208984167778619,1.685045654460592,0.08046791390980408,0.013236771322050088
15.0,3.0,1.0,7.000553056020911,1.5424266333536925,0.08460997265377855,0.0490244080343966
15.0,3.0,1.5,8.670346559853916,1.461458116017998,0.1322480563634361,0.015300986909673938
15.0,3.0,2.0,14.306133945020408,1.647214701354493,0.06748386272604126,0.0301026430585377
15.0,3.0,2.5,8.776098104520058,1.0979945416584695,0.06463739921622491,0.024701376891661256
16.0,1.0,0.5,6.049832660284825,1.148746817495198,0.08118161330852595,0.030245674513609766
16.0,1.0,1.0,6.642294156553411,1.1592675329493651,0.06056646842617439,0.03563305258760825
16.0,1.0,1.5,7.614542743028078,1.4753016385972302,0.06520248531286481,0.012453985084426727
16.0,1.0,2.0,3.96932007741878,1.6711423791026596,0.09598004237693201,0.012326551820219031
16.0,1.0,2.5,5.407019264809139,0.6820774091336433,0.08032751475675956,0.014041832440425868
16.0,1.5,0.5,5.462455007063457,1.5382420125411977,0.05622917981300627,0.03037688512599159
16.0,1.5,1.0,4.715720066892908,1.4358437544374576,0.10270414639116515,0.02704333535561486
16.0,1.5,1.5,9.609187818180157,0.6960655651102992,0.13866042152404667,0.0279913859528529
16.0,1.5,2.0,6.770101531396608,1.1211946287933905,0.13275378955668743,0.03934457522245608
16.0,1.5,2.5,5.442233611310115,1.6539573404620098,0.05110312644286472,0.02664615992719046
16.0,2.0,0.5,6.751187707002216,0.8897198131175513,0.1260289823122135,0.015484388229159964
16.0,2.0,1.0,9.003931062121845,1.3029651971788874,0.07152018720172375,0.010484830985755731
16.0,2.0,1.5,7.046104853577439,1.3219392334605393,0.09543773345599608,0.04377428330958464
16.0,2.0,2.0,8.972439325350576,0.6471238711763669,0.09882411370217781,0.016001946587759372
16.0,2.0,2.5,11.370752763295553,1.2140271940531497,0.08758882851457693,0.025779051142801414
16.0,2.5,0.5,5.808506642160828,1.18917015260898,0.1285016543837057,0.04568338755760938
16.0,2.5,1.0,11.318970228738527,1.1564046860830879,0.07546706220460511,0.04363486317703691
16.0,2.5,1.5,6.792672588621049,0.5576395234434874,0.14017619921354235,0.028459098584989365
16.0,2.5,2.0,11.855453329672141,1.8426766110598045,0.11366696821672073,0.03455734339040247
16.0,2.5,2.5,11.463275587476517,0.599978060841035,0.10184080219452041,0.016006760032681665
16.0,3.0,0.5,7.71161071445785,1.52034166881253,0.05416729006023843,0.013391680641832129
16.0,3.0,1.0,12.478574531031764,1.5744850820940233,0.05720843359986734,0.012850269110610345
16.0,3.0,1.5,7.429331853238529,0.9448033719314828,0.08497032297458496,0.040986141247247275
16.0,3.0,2.0,11.631939969355928,1.4920559166056215,0.06851955678674679,0.016964373413363376
16.0,3.0,2.5,9.59940437187541,1.646558993332604,0.0765046428325004,0.010837798441236512
17.0,1.0,0.5,3.361560626073987,0.6232575012146411,0.14678600348450305,0.02181779109909681
17.0,1.0,1.0,7.49152818112759,1.0729094594793438,0.07056872621955551,0.014855456726376257
17.0,1.0,1.5,8.899583752196564,1.4225194520583,0.12746337806377878,0.03575617014164523
17.0,1.0,2.0,5.110550035105657,1.9527331663915757,0.12987141916545747,0.02171288146803859
17.0,1.0,2.5,6.3544498600144195,1.969955494038276,0.11018815896363221,0.03329690632828986
17.0,1.5,0.5,7.518868481681161,1.484717910997254,0.06280957463662,0.023530700239779937
17.0,1.5,1.0,8.714124325947571,1.8921254604890745,0.0724615611843852,0.024886680953500533
17.0,1.5,1.5,4.05180646945777,1.4194093737417883,0.14430758377447075,0.0196277084733002
17.0,1.5,2.0,3.6314989529180277,0.6822520644513771,0.06974704898599374,0.04547699600837078
17.0,1.5,2.5,4.846159619552697,1.7239204084529258,0.1361369996363436,0.04386057354761112
17.0,2.0,0.5,9.103266420108953,1.8783898004593316,0.07522410201733616,0.04020167714985113
17.0,2.0,1.0,11.20472885501204,1.5927360157424197,0.12764474464997244,0.03624647350724286
17.0,2.0,1.5,8.497180275675879,0.7661431542045603,0.10450269188969383,0.049386789580980334
17.0,2.0,2.0,8.588522479489592,1.5889698649779431,0.1317785329856945,0.018540454652426878
17.0,2.0,2.5,8.605479480124771,1.2587790394277434,0.13407030280111998,0.03931206179065003
17.0,2.5,0.5,11.878086150454294,1.26254082037442,0.07975484513188205,0.032600879714360646
17.0,2.5,1.0,10.92813210577043,1.533327953075136,0.13733229158608076,0.035451654159169926
17.0,2.5,1.5,7.532509589578749,1.192336211629685,0.050933161982709335,0.019867154580864924
17.0,2.5,2.0,9.733445972815266,1.5896925726695073,0.14918099513493632,0.013967123983488636
17.0,2.5,2.5,11.353230927164232,0.8060534519433482,0.10550849493022862,0.039322851841186994
17.0,3.0,0.5,6.431642057389267,1.4239781753902685,0.06880247346154161,0.024215382747429577
17.0,3.0,1.0,9.333232109045772,0.507844420314369,0.1260990760028094,0.011412454197609563
17.0,3.0,1.5,11.68688726954384,1.6186006740968482,0.07024805601652374,0.04832293920477521
17.0,3.0,2.0,5.877552848598542,0.723332075498667,0.08056042154902149,0.04506603047312802
17.0,3.0,2.5,6.564649617103671,1.994501506440871,0.08683095305068483,0.027944425238181705
18.0,1.0,0.5,5.76221162913126,1.3895665012801763,0.08915256981778294,0.02650487363394495
18.0,1.0,1.0,6.7615387400587945,1.5434272197452104,0.05032182636042787,0.03478357349839363
18.0,1.0,1.5,8.417194916273536,0.6394859597346982,0.10882022669483904,0.029238915595444948
18.0,1.0,2.0,4.938102124337632,1.463488288857841,0.056485359448296836,0.03319935149712525
18.0,1.0,2.5,9.806728928792314,1.4052314998946822,0.11764679372263621,0.042199559987230795
18.0,1.5,0.5,9.607327026498345,0.9047310801923215,0.1325049410180062,0.029930227290538146
18.0,1.5,1.0,9.565901841050247,1.5615214021113737,0.12886149646724065,0.030690762257664372
18.0,1.5,1.5,6.035566578167675,1.160298496933236,0.06474525267062839,0.02312771014437246
18.0,1.5,2.0,5.647576525732039,0.8309179290668169,0.10982252940637388,0.03942652456956759
18.0,1.5,2.5,7.063611943055461,1.9975212670894245,0.14331133313435576,0.03570260798140766
18.0,2.0,0.5,10.807709301658788,1.678477427120348,0.06183361909233873,0.02639619558785153
18.0,2.0,1.0,6.430717395869264,1.7597034284534259,0.0883832951933044,0.032874890849087464
18.0,2.0,1.5,6.077401348075752,1.0433531624784327,0.08345112887419322,0.011047868341282591
18.0,2.0,2.0,9.281386422987966,0.5362876458370329,0.13316970436757736,0.020922832398912496
18.0,2.0,2.5,4.792168051704946,1.9110188676730107,0.07592967588657737,0.0271862725095574
18.0,2.5,0.5,7.424694458644312,1.8090953757269028,0.13419335667918086,0.017444056713851092
18.0,2.5,1.0,8.199875628876644,1.2244533081280329,0.06334799724159437,0.013224060550284987
18.0,2.5,1.5,11.365097296801018,1.5919089604606478,0.09964611523552996,0.02747402810460718
18.0,2.5,2.0,10.384451708144457,0.7383622515040303,0.11102251494776413,0.015414163291107421
18.0,2.5,2.5,10.140316106571559,1.6270626290435686,0.11569551562671394,0.04826458484333832
18.0,3.0,0.5,5.131347191752781,0.8704681986079997,0.14062545805210366,0.019981847993980242
18.0,3.0,1.0,6.799186055605717,0.9079245891929465,0.12593982624179637,0.0279895936980216
18.0,3.0,1.5,7.531941669895606,0.5939798051830318,0.14064374533444107,0.015569814844703806
18.0,3.0,2.0,8.556058657804346,1.2986310234128258,0.09110956026007065,0.023893733050353708
18.0,3.0,2.5,9.078252489932131,1.3402522751927628,0.14368224620330916,0.01209031517144095
19.0,1.0,0.5,4.613598300108663,1.1281899786112422,0.07601577909620512,0.03923283859922919
19.0,1.0,1.0,3.718137149685803,1.3479953818574149,0.09639324866883361,0.048880213185261485
19.0,1.0,1.5,7.07304721905405,1.4127909090446997,0.08495063720868187,0.014563831395517335
19.0,1.0,2.0,5.085421950513137,0.8764499920104469,0.13506160578411378,0.032448911531301
19.0,1.0,2.5,4.855266208940561,1.2850863670615498,0.06147688718692175,0.0444055877339774
19.0,1.5,0.5,5.097853703984746,1.5617526458446531,0.1043538217342646,0.01326901382987113
19.0,1.5,1.0,7.493567211431092,1.1874509622929847,0.09846962871300469,0.01663098160653103
19.0,1.5,1.5,6.292175746170079,1.1176483123767627,0.11509734671509542,0.031817274776276216
19.0,1.5,2.0,11.208954762877847,0.5934096588228284,0.10125026487703317,0.04225614468931358
19.0,1.5,2.5,5.894454908301751,1.6794172990760496,0.07013637821359744,0.020344833395521553
19.0,2.0,0.5,6.821172564472394,0.7470595301484438,0.08302150648714976,0.0402700602275454
19.0,2.0,1.0,5.546680119157518,1.8167451172280613,0.13795818549515293,0.04482313700184028
19.0,2.0,1.5,8.628923686990452,0.858194317072309,0.0951239344180988,0.04939958624563501
19.0,2.0,2.0,8.316849333337851,1.8638303087923402,0.10387017979527141,0.02991250032137161
19.0,2.0,2.5,6.967219285632173,0.6582105499349459,0.1156780104724294,0.042884126424009024
19.0,2.5,0.5,9.55788197697927,1.9467149808512174,0.0703766459127689,0.030933185247789652
19.0,2.5,1.0,7.302651524609174,0.9307069371268633,0.12928544190338392,0.0331037346352463
19.0,2.5,1.5,10.81522765369181,1.0939557089936822,0.14150900684070433,0.0313211546898456
19.0,2.5,2.0,9.512423430302766,0.736932234253022,0.11958991181688024,0.04173045401753018
19.0,2.5,2.5,10.106550862596572,1.8592148821486496,0.07769044873778089,0.049340858908608884
19.0,3.0,0.5,6.08342481018434,0.7110672920731376,0.070201566840249,0.017368993569521048
19.0,3.0,1.0,9.034900657032747,0.7281564248334094,0.0940323418368349,0.03461192100279208
19.0,3.0,1.5,9.960745670591658,0.6251961274840749,0.13824163684073387,0.04214414141766141
19.0,3.0,2.0,9.481526765469356,1.1266414689126496,0.1484110319036498,0.036716799952145086
19.0,3.0,2.5,8.450557301362743,1.4520069098809123,0.0665954895295785,0.04527711033218576
20.0,1.0,0.5,1.95182801083384,0.5189112799636386,0.10597556836383826,0.03109598488490705
20.0,1.0,1.0,5.319346691389402,1.5790304335537377,0.13902580530178021,0.013176263385721181
20.0,1.0,1.5,4.219106921493221,1.787265579735746,0.1319063513861656,0.03163175019942178
20.0,1.0,2.0,7.022735254715251,1.5653641979349673,0.08143501131837484,0.028846715957312585
20.0,1.0,2.5,5.499052539306885,1.0366973979881626,0.09942124472502999,0.043129970097488736
20.0,1.5,0.5,8.191790410248286,1.002812071056309,0.06737615931357438,0.03848056081323123
20.0,1.5,1.0,5.949281022795745,1.02191211737325,0.09503509789054126,0.03995305347853226
20.0,1.5,1.5,6.2584332573890755,1.4767213773225112,0.11209285674784311,0.024094997864386177
20.0,1.5,2.0,6.873804172799478,1.9686574070227318,0.11341421382957369,0.015050589662580108
20.0,1.5,2.5,9.530115271929658,1.514266343113151,0.0825104015431699,0.0374530878674439
20.0,2.0,0.5,6.025717086560568,1.75556168786441,0.07792760884544105,0.035715276402348305
20.0,2.0,1.0,9.378379930880246,1.5412258602647464,0.10126547531450529,0.022212427067869252
20.0,2.0,1.5,10.387215796986693,1.907457227672724,0.1371204482263052,0.0406425910614121
20.0,2.0,2.0,5.696352881949795,1.682671014879948,0.11649849034759953,0.02041147430264012
20.0,2.0,2.5,8.875246162653779,1.3406609464706598,0.06109894692134811,0.02788222175225702
20.0,2.5,0.5,8.130614153036447,1.1905374068028896,0.136456360952267,0.03186592880751154
20.0,2.5,1.0,8.83572420412407,0.6660808899894735,0.09225484283119445,0.011680987006856212
20.0,2.5,1.5,8.202958447705617,1.6098561811503955,0.14180765521991506,0.02120149318201958
20.0,2.5,2.0,7.459406109992652,1.8661552424658727,0.1253961903596784,0.042196271073657546
20.0,2.5,2.5,9.831024283265462,0.5270098334006817,0.14628103570740258,0.03906683968281293
20.0,3.0,0.5,8.60717608269583,0.9222817976223949,0.1372753839566128,0.01450321561647748
20.0,3.0,1.0,7.276339710283928,1.5555289661911935,0.10406984766449104,0.013861378807817633
20.0,3.0,1.5,4.559450471551674,1.3975362264466382,0.07972378077086172,0.021996764460279386
20.0,3.0,2.0,7.737315688576145,1.614789798097405,0.05481428359783535,0.04611579980767949
20.0,3.0,2.5,9.186476500540902,1.3898323551610765,0.1392302498139652,0.01741320718114858
