timestamp,window_left,window_right,window_len_s,center_x,center_y,radius,omega_circlefit_rad_s,inlier_rms,num_points,arc_deg,source_file
0.325257271,0.075262542,0.575252,0.499989458,665.1612770597546,337.8720764077632,229.72369110693714,3.5260474887665314,1.2508633698046612,10952,103.85516894472522,perlin_1280hz_hand_outframe_3
0.37524166200000003,0.125315429,0.625167895,0.499852466,664.9491870137217,338.19220375704987,229.39426153439726,3.5336066520071014,1.2697064040047121,10843,101.91114447681119,perlin_1280hz_hand_outframe_3
0.4252928055,0.175393111,0.6751925,0.499799389,665.1772811219888,337.6917087518882,229.9007259769162,3.533092537122011,1.2934352420597197,10722,101.86718957011018,perlin_1280hz_hand_outframe_3
0.47527481,0.22531612,0.7252335,0.49991737999999997,665.0237053456137,337.8427510486088,229.70327438882902,3.545682142179382,1.3069196497042077,10566,102.19151749912876,perlin_1280hz_hand_outframe_3
0.525202139,0.275356478,0.7750478,0.49969132199999994,663.7012717727865,339.20781210603786,227.93723969039405,3.585499853208148,1.3451806378192737,10372,103.7475316660615,perlin_1280hz_hand_outframe_3
0.5752953335,0.325348667,0.825242,0.49989333300000005,663.6414347952618,339.084031077761,227.9519255407699,3.600241867900642,1.3721409011620935,10216,103.78289902551843,perlin_1280hz_hand_outframe_3
0.6252724545,0.375302909,0.875242,0.49993909099999995,664.6078852562308,338.23242410602984,229.11063552015037,3.59822724791603,1.3926579931280556,10073,104.11490489150495,perlin_1280hz_hand_outframe_3
0.6753372275,0.425413273,0.925261182,0.499847909,665.0438369803087,337.9545610207736,229.57861412421474,3.6052825541679594,1.4148337869372878,9939,103.46035995531443,perlin_1280hz_hand_outframe_3
0.725238,0.475269,0.975207,0.49993800000000005,665.359817496056,337.92031087055284,229.8747462530695,3.612685279883142,1.4121865786586292,9829,103.47735389239689,perlin_1280hz_hand_outframe_3
0.7752895385,0.525392077,1.025187,0.49979492300000006,665.3028635741745,337.8928359793981,229.82581411902845,3.6142075006307697,1.4332176735036128,9613,103.1556359225402,perlin_1280hz_hand_outframe_3
0.82523328,0.5752875,1.07517906,0.49989156,664.1667848640211,337.68756879575017,228.7549516546999,3.6252397617428698,1.4641584250187045,9320,104.16443179644666,perlin_1280hz_hand_outframe_3
0.8752494465,0.625282083,1.12521681,0.49993472699999997,663.8875278620837,337.3144632694723,228.38261687917534,3.624101469426648,1.493853838275425,8943,103.85460973957161,perlin_1280hz_hand_outframe_3
0.9252861205,0.675396571,1.17517567,0.49977909900000006,663.7794812460596,336.81230111210084,228.03470297465736,3.623193701612176,1.4937704567555674,8532,104.38259054963095,perlin_1280hz_hand_outframe_3
0.9752569915,0.725306143,1.22520784,0.499901697,663.7812889815685,336.0547088012855,227.55858594483328,3.629348475712934,1.5312736023346054,8220,104.91275097541833,perlin_1280hz_hand_outframe_3
1.0253632575,0.775490625,1.27523589,0.49974526500000005,664.3893427994906,336.85624424233447,228.4818124378412,3.6202803416692864,1.5503343582776739,8077,104.98601279363461,perlin_1280hz_hand_outframe_3
1.075264585,0.8253035,1.32522567,0.49992217000000005,665.084891893024,338.6087073291992,230.2007550353912,3.614356078125636,1.4913648606065202,8083,104.45713523918658,perlin_1280hz_hand_outframe_3
1.12526968,0.8752938,1.37524556,0.49995175999999997,665.2614482829475,339.01215719755623,230.59794129738913,3.6333530419559668,1.4649798316851275,8292,104.64312958576151,perlin_1280hz_hand_outframe_3
1.17529885,0.9253637,1.425234,0.4998702999999999,665.2326257731181,338.35932097936507,230.01741299343826,3.6643462271920573,1.4332439248059787,8571,104.68803057730175,perlin_1280hz_hand_outframe_3
1.2252727335,0.975333067,1.4752124,0.499879333,665.4630268033361,337.56168354749536,229.2763475368556,3.6965794226793323,1.4283274920293214,8924,105.41121811668272,perlin_1280hz_hand_outframe_3
1.27526299,1.02536467,1.52516131,0.49979664,666.0195080412834,336.7710381056809,228.40259069027763,3.7166886842370026,1.401685265875054,9483,106.64885535025606,perlin_1280hz_hand_outframe_3
1.325241585,1.0752864,1.57519677,0.49991037000000005,665.8229575418591,337.12405359441584,228.77603923820683,3.7038262791646632,1.3709939235445125,10162,105.89545527666196,perlin_1280hz_hand_outframe_3
1.3752858799999998,1.12535809,1.62521367,0.49985557999999997,666.4240448465631,336.52326460969135,227.99502638172802,3.69932063852301,1.3345933019480467,10988,106.59411260133074,perlin_1280hz_hand_outframe_3
1.42528583,1.17534066,1.675231,0.4998903399999999,666.5177162064081,336.67899398873965,228.0074655767641,3.680038078433576,1.318279909191814,11832,106.91116691235844,perlin_1280hz_hand_outframe_3
1.47525871,1.2252696,1.72524782,0.49997822000000003,666.9597281157895,336.6342196411401,227.62109449676475,3.6653308014204806,1.2861402254114378,12614,105.91823907142428,perlin_1280hz_hand_outframe_3
1.52530105,1.2753561,1.775246,0.4998899000000001,666.5276025017278,336.8082099645443,228.0498136425694,3.6362846040810504,1.2505062995238958,13288,105.338802932299,perlin_1280hz_hand_outframe_3
1.57526573,1.32530313,1.82522833,0.49992520000000007,665.7832477885412,337.01280460180584,228.75880008367716,3.608779660447156,1.2553909424263066,13752,104.35555981986059,perlin_1280hz_hand_outframe_3
1.625234485,1.3752801,1.87518887,0.49990877,665.3921404197665,337.12077029744097,229.1170803166342,3.5890708593743934,1.2700070221060562,14034,103.3438230522655,perlin_1280hz_hand_outframe_3
1.675298905,1.42540919,1.92518862,0.4997794299999998,665.5334901107892,337.1205641852826,228.99415408450494,3.578414434075217,1.2791039339735686,14228,103.4474268418236,perlin_1280hz_hand_outframe_3
1.72524204,1.47528808,1.975196,0.49990792000000006,665.2996745805038,337.1082580668706,229.20036556456046,3.562128492843603,1.3105628400501304,14312,103.36997973370838,perlin_1280hz_hand_outframe_3
1.77526744,1.52530813,2.02522675,0.49991861999999987,664.6935813154286,336.893045843482,229.77979973187993,3.540480478329247,1.311402808163792,14351,101.83936625203759,perlin_1280hz_hand_outframe_3
1.825298585,1.57536217,2.075235,0.49987283000000016,664.9703459645217,337.235891304004,229.37421982718115,3.536803015228839,1.3128674883770861,14297,101.78969082574902,perlin_1280hz_hand_outframe_3
1.8752168450000002,1.62527969,2.125154,0.49987431000000027,665.3831516743184,337.70944157961384,228.7978218207397,3.5375750861061843,1.3246014136044708,14162,102.01570649445928,perlin_1280hz_hand_outframe_3
1.92528791,1.67534532,2.1752305,0.49988518000000015,665.2646658897628,337.94940084541815,228.65025826312936,3.5344249198432727,1.3202939811447472,14013,101.55435934142078,perlin_1280hz_hand_outframe_3
1.975228885,1.7252961,2.22516167,0.49986556999999987,665.4289167828604,338.62779652043366,228.006804738825,3.5434988826655833,1.3152418171833127,13810,101.95874743055035,perlin_1280hz_hand_outframe_3
2.025288825,1.77532023,2.27525742,0.49993719000000003,665.3030275796152,338.47333879885605,228.16402265116278,3.5401090118082377,1.3388370418332112,13579,102.08215143170648,perlin_1280hz_hand_outframe_3
2.0752556799999997,1.82534136,2.32517,0.49982864000000005,665.1578781226833,338.8370869543477,227.81844773114764,3.5489712336298878,1.3374086039082873,13377,102.44058784758536,perlin_1280hz_hand_outframe_3
2.12526069,1.87527243,2.37524895,0.4999765199999999,664.8958137598565,338.82049415254403,227.7786136127448,3.552081153609152,1.3394946986370881,13115,102.08351181851924,perlin_1280hz_hand_outframe_3
2.175235355,1.92527733,2.42519338,0.49991605000000017,665.320806620759,337.54220901793735,229.02452030697188,3.5393557980803507,1.3487339873932984,12834,101.50529027097423,perlin_1280hz_hand_outframe_3
2.225243895,1.97530904,2.47517875,0.49986971,665.5691914285815,337.3057560213239,229.3323005248911,3.54381874218458,1.32296448747152,12631,101.89867743545321,perlin_1280hz_hand_outframe_3
2.275302385,2.02538427,2.5252205,0.4998362300000001,665.0195916011985,337.8122454467524,228.64014581335738,3.5645316577498276,1.330698660299536,12395,102.4496554136805,perlin_1280hz_hand_outframe_3
2.3252908,2.07543218,2.57514942,0.49971723999999984,664.1992681106535,338.3667989639934,227.72326412547895,3.592670228042184,1.349881593251806,12213,103.47184926497921,perlin_1280hz_hand_outframe_3
2.3752583,2.1252646,2.625252,0.4999874000000002,664.3503309661563,338.20212700734396,227.91321957621497,3.60649861101828,1.36204697049996,12071,104.10443978991319,perlin_1280hz_hand_outframe_3
2.425272025,2.17528511,2.67525894,0.49997383000000006,663.8760546275649,338.04201349067887,227.52797807910028,3.6242240260121252,1.351661667852831,11935,104.13095593543484,perlin_1280hz_hand_outframe_3
2.47525757,2.22528214,2.725233,0.4999508599999998,663.5088159006733,338.03442294586057,227.1940560884247,3.6361169071700883,1.3636226216808642,11851,104.27312000296689,perlin_1280hz_hand_outframe_3
2.52528054,2.27531725,2.77524383,0.4999265799999999,663.3193314496826,337.8713240895345,227.0060883852709,3.60055300018017,1.3441271428867378,11647,99.42129834550757,perlin_1280hz_hand_outframe_3
2.575160625,2.32527418,2.82504707,0.49977289,663.8735605806966,338.0005780551894,227.52815826569946,3.498845997243097,1.3267384812977394,11442,97.65153414799641,perlin_1280hz_hand_outframe_3
2.62523755,2.3752782,2.8751969,0.49991870000000027,665.2600096871931,338.47136568053014,228.8821010895625,3.39306813672688,1.3262130612472975,11136,98.02889054306398,perlin_1280hz_hand_outframe_3
2.6752781299999997,2.42533026,2.925226,0.4998957399999999,664.9773089924425,338.19441583917865,228.51015585681017,3.333203175579203,1.3169488234726423,10831,97.44596639845831,perlin_1280hz_hand_outframe_3
2.72519877,2.47528804,2.9751095,0.4998214599999997,665.635323241815,338.4873225522409,229.15577442089352,3.2853934675878023,1.3266622098309917,10536,97.6049681776171,perlin_1280hz_hand_outframe_3
2.77526145,2.5252692,3.0252537,0.49998450000000005,665.2678838629043,337.9204366119668,228.52216381103395,3.294700178025055,1.3067968817920412,10428,98.83134069954698,perlin_1280hz_hand_outframe_3
2.82531158,2.57542741,3.07519575,0.4997683399999997,665.5106080811069,338.34223470814095,228.97158538966565,3.3419699041068904,1.2732905829249914,10542,99.85198299970557,perlin_1280hz_hand_outframe_3
2.875347305,2.62548711,3.1252075,0.49972039000000024,665.6527924143647,338.44782527756206,229.095105164461,3.446421309951809,1.2511416052865982,11062,101.35331849045166,perlin_1280hz_hand_outframe_3
2.925294955,2.67533108,3.17525883,0.49992775000000034,665.8512863819099,337.9783772816388,228.67414246060315,3.5631101828174985,1.2119417896200262,11690,100.43316699942294,perlin_1280hz_hand_outframe_3
2.975241995,2.72531137,3.22517262,0.4998612499999999,665.9136305293871,338.1957759499178,228.86361755434945,3.682773616060863,1.1625426982410205,12415,101.12641017709944,perlin_1280hz_hand_outframe_3
3.025278615,2.77536161,3.27519562,0.49983400999999983,666.0134098963618,337.8258940781607,228.51715088972557,3.7713646758254615,1.144993695731708,13242,106.62532248330133,perlin_1280hz_hand_outframe_3
3.07531485,2.82537845,3.32525125,0.4998727999999999,666.0758456910514,337.55007727873067,228.26707380985417,3.7802821240568445,1.13212392321179,14212,107.48617623905587,perlin_1280hz_hand_outframe_3
3.125320345,2.87539052,3.37525017,0.4998596500000003,666.5626585492057,337.2152863207565,227.73649168670178,3.7697462627705627,1.1072451248328767,15334,108.35452078533737,perlin_1280hz_hand_outframe_3
3.17526804,2.92530333,3.42523275,0.49992941999999996,666.4600055397353,337.3462282449797,227.88535009215667,3.737315961940097,1.0727739774579057,16572,108.38572804903941,perlin_1280hz_hand_outframe_3
3.22525905,2.97527746,3.47524064,0.49996317999999995,667.1491995627171,337.12813207290293,227.23454475700063,3.7149338112994297,1.0317494507657525,17719,107.59990763715346,perlin_1280hz_hand_outframe_3
3.275267185,3.0252975,3.52523687,0.4999393699999999,666.764456603976,337.377413832348,227.65074926847493,3.671827207452587,1.0253024073522783,18646,106.51564605188274,perlin_1280hz_hand_outframe_3
3.32523993,3.075269,3.57521086,0.49994185999999985,666.2583668309769,337.5353522525135,228.13840946391298,3.6362502176352898,1.0163705410272275,19396,105.48401517032276,perlin_1280hz_hand_outframe_3
3.37525567,3.1252865,3.62522484,0.4999383399999999,665.7032953291802,337.57670752368716,228.6560785009114,3.6106019421749767,1.0063081061305796,19703,104.29744491123736,perlin_1280hz_hand_outframe_3
3.425273315,3.17532271,3.67522392,0.49990121,665.1434255490885,337.53785640107475,229.1733889836716,3.59087795876756,1.015523888748355,19857,102.96888589566731,perlin_1280hz_hand_outframe_3
3.475280675,3.22530955,3.7252518,0.49994225000000014,665.7111501584147,337.7407811997664,228.61622101945932,3.593176652010668,1.0254485829232107,20005,103.23470547116945,perlin_1280hz_hand_outframe_3
3.52523132,3.27528924,3.7751734,0.4998841599999997,665.5192328926694,337.7637416557459,228.76164610435075,3.5806100217482046,1.0267503223288255,20081,102.87382066953033,perlin_1280hz_hand_outframe_3
3.5752469,3.325265,3.8252288,0.4999638000000002,665.3167845819752,337.61626008570295,228.99152703079406,3.568140809855896,1.0317768923652837,20112,102.79142118017738,perlin_1280hz_hand_outframe_3
3.625281225,3.37530367,3.87525878,0.4999551099999997,665.4315443881817,337.82927817889,228.77091129104963,3.569687807250629,1.0412855200251456,20150,103.57217323021469,perlin_1280hz_hand_outframe_3
3.67523839,3.425265,3.92521178,0.49994678000000015,665.4536503370947,338.00504759973273,228.6192229436967,3.567184542218775,1.063180918426951,20030,104.05060931901825,perlin_1280hz_hand_outframe_3
3.725233425,3.47526871,3.97519814,0.4999294299999999,665.3728749134787,337.9531079523041,228.6975851268793,3.5704945208097163,1.0735907586526234,20036,104.0133365428431,perlin_1280hz_hand_outframe_3
3.7752699949999995,3.5252942,4.02524579,0.4999515899999998,665.4377443240347,338.36892362669425,228.3095666379257,3.586336298387774,1.0872585315734935,20309,103.96031963348936,perlin_1280hz_hand_outframe_3
3.82522355,3.57526337,4.07518373,0.49992035999999995,665.3767697193044,338.3837844425351,228.29591002352055,3.6055034602998566,1.0717278769457814,20704,104.45630529723043,perlin_1280hz_hand_outframe_3
3.875270565,3.625383,4.12515813,0.4997751300000002,665.276366875502,338.56789845455734,228.11341132975505,3.603611514119333,1.0744603003711057,20820,102.90534572528202,perlin_1280hz_hand_outframe_3
3.9252571499999998,3.67527941,4.17523489,0.4999554799999997,665.1001433636673,338.45264793820604,228.15215474174423,3.604665839513355,1.0903876063206315,20934,104.93346987292112,perlin_1280hz_hand_outframe_3
3.975259405,3.72532312,4.22519569,0.4998725699999995,665.2763421774097,338.2020484524462,228.4346805250868,3.5894353763438573,1.0983818586429521,20759,102.4504419533326,perlin_1280hz_hand_outframe_3
4.02524541,3.77528425,4.27520657,0.49992232000000003,665.5589854743527,337.6575767553633,228.98506944585478,3.5711751086521324,1.097846008791386,20731,104.43192928284587,perlin_1280hz_hand_outframe_3
4.0752886,3.82536163,4.32521557,0.49985393999999994,665.8464727076132,337.35835405265794,229.3651229057944,3.5541381154872447,1.1074270570220266,20608,103.72878495739315,perlin_1280hz_hand_outframe_3
4.125274935,3.875301,4.37524887,0.4999478700000002,665.7260791162082,337.52362774858375,229.18710787447844,3.5435524097856814,1.1218260842978744,20319,102.19834381117876,perlin_1280hz_hand_outframe_3
4.175259555,3.92527733,4.42524178,0.4999644500000002,665.0514492107193,337.8106554966449,228.50859801732565,3.5680871658015834,1.1174509445596656,20517,105.25457705791938,perlin_1280hz_hand_outframe_3
4.22526158,3.97526752,4.47525564,0.49998812000000026,664.1436953109745,337.7897368187692,227.6898207708555,3.5981776644682943,1.1104979525810734,20627,104.37632554863232,perlin_1280hz_hand_outframe_3
4.27526711,4.02529189,4.52524233,0.4999504400000001,663.6272220910022,337.6923892112453,227.21052611499462,3.629005420105652,1.1141717410797105,20260,104.01102743650664,perlin_1280hz_hand_outframe_3
4.325239570000001,4.07527836,4.57520078,0.49992241999999987,663.288467121834,337.4798546831086,226.86028526115305,3.6643521390682436,1.1312694525438727,19344,103.56779564499466,perlin_1280hz_hand_outframe_3
4.3752627,4.1253252,4.6252002,0.4998750000000003,663.5626755609667,337.48993390297704,227.09673294301535,3.6567187646658494,1.1371157259240359,18484,102.80089044853935,perlin_1280hz_hand_outframe_3
4.42525657,4.17526614,4.675247,0.49998085999999997,663.5431166530117,337.32921750551833,227.00034571897442,3.6562309579033907,1.1449018220700136,17560,103.61243326495106,perlin_1280hz_hand_outframe_3
4.475256775,4.22526355,4.72525,0.49998644999999975,664.3562831268857,338.0605694632262,228.01967772262802,3.607585900563494,1.133884004819728,16906,104.14296900734736,perlin_1280hz_hand_outframe_3
4.52524079,4.27529725,4.77518433,0.4998870799999997,664.9846398914756,338.62457274067356,228.80275976508776,3.601792701500012,1.1715700397153692,16476,105.01179473404473,perlin_1280hz_hand_outframe_3
4.57529405,4.3253622,4.8252259,0.4998637000000006,665.1412841795623,338.71164755496,228.93808612961564,3.6309747287915926,1.1549458894437568,16649,108.18256372050801,perlin_1280hz_hand_outframe_3
4.62527833,4.37532512,4.87523154,0.4999064199999994,665.4191317973664,339.46661553906324,229.6684078314029,3.6520559219684046,1.1050872861852785,17545,107.08433215025414,perlin_1280hz_hand_outframe_3
4.67530056,4.42534825,4.92525287,0.4999046199999997,665.3783059438446,339.553741098306,229.74341176582865,3.69376128491048,1.08038257961372,18210,105.61790765500182,perlin_1280hz_hand_outframe_3
4.72526925,4.4752835,4.975255,0.4999715,665.5290591220374,338.53210608578524,228.81574153123393,3.749138507284745,1.0611165295913294,19109,106.50705925952373,perlin_1280hz_hand_outframe_3
4.775239539999999,4.52529308,5.025186,0.49989291999999974,665.9048819853515,337.47636262343997,227.79574356623363,3.800350858264755,1.0296225136241004,20293,107.4283407278083,perlin_1280hz_hand_outframe_3
4.82529362,4.57533124,5.075256,0.49992476000000075,666.0965890181874,337.52260546409775,227.72075952028132,3.812365975782385,0.9978270178130183,21995,107.79944914041648,perlin_1280hz_hand_outframe_3
4.875282589999999,4.62531029,5.12525489,0.4999446000000001,666.5304124685633,337.2168760112527,227.23221028424643,3.794430544101296,0.9737305317375315,24024,109.68968251513611,perlin_1280hz_hand_outframe_3
4.92528,4.675317,5.175243,0.4999260000000003,666.5201130904619,337.30681291532846,227.29156379988913,3.750295376970399,0.9434441973214739,26239,110.53737956399749,perlin_1280hz_hand_outframe_3
4.975241434999999,4.72530925,5.22517362,0.49986437000000006,666.4734834769135,337.34078233868263,227.34672842148095,3.6973316938112073,0.9174002251502219,28378,108.56771106796673,perlin_1280hz_hand_outframe_3
5.02528531,4.77533562,5.275235,0.49989938000000045,666.1600980348866,337.5499690056672,227.683894244201,3.6548646619207203,0.8887577025232872,30098,107.37855380905062,perlin_1280hz_hand_outframe_3
5.0752649299999995,4.82528236,5.3252475,0.4999651399999996,665.4749666107034,337.6299143848074,228.32421343820593,3.6167411598772525,0.8677468528028525,31161,104.26702528892939,perlin_1280hz_hand_outframe_3
5.12524963,4.87528748,5.37521178,0.4999243,665.4481846275348,337.6726888960939,228.34900588339352,3.600211279193308,0.8621660254834956,31586,103.8020772153907,perlin_1280hz_hand_outframe_3
5.17521906,4.92528625,5.42515187,0.49986561999999957,665.275869162059,337.73667392622554,228.49146708722614,3.5844075719190447,0.8521026775524545,31849,104.17945116809645,perlin_1280hz_hand_outframe_3
5.22525337,4.975263,5.47524374,0.4999807399999998,665.3179167648592,337.7968408929306,228.43451292963698,3.5737883996265167,0.8495480232773243,31909,102.814864387253,perlin_1280hz_hand_outframe_3
5.275242305,5.02527807,5.52520654,0.4999284700000004,665.1687130056631,337.629814203361,228.63880937743434,3.5589482886206865,0.8548205584098642,31903,102.45277751390388,perlin_1280hz_hand_outframe_3
5.325304195,5.07540102,5.57520737,0.49980635000000007,665.4101734521333,337.94904823845957,228.27204500136557,3.555889792953741,0.8540695797110648,31632,102.35442796472194,perlin_1280hz_hand_outframe_3
5.375248835000001,5.12528667,5.625211,0.4999243299999998,665.4967493946125,338.15487799183217,228.07412370267545,3.5505134811999683,0.8530487805486505,31218,103.47340544810287,perlin_1280hz_hand_outframe_3
5.42526696,5.17528225,5.67525167,0.49996941999999933,665.5733730871068,338.48507830863105,227.7713266887592,3.5483988887069984,0.8631019157649773,30700,103.08284519573905,perlin_1280hz_hand_outframe_3
5.475278514999999,5.22533114,5.72522589,0.49989475000000017,665.5019738825649,338.3422188867501,227.9208341682259,3.543000735034313,0.8697854893378207,30151,102.38060541303369,perlin_1280hz_hand_outframe_3
5.525216070000001,5.27527914,5.775153,0.4998738600000001,665.3647051087878,338.0231790643155,228.23117249775117,3.5368948057651535,0.8673944617938567,29619,101.66326873810081,perlin_1280hz_hand_outframe_3
5.5752687850000004,5.32529867,5.8252389,0.4999402300000009,665.3490170039784,337.95881847811916,228.29461175958215,3.535954721131661,0.8650137398242951,29169,102.23364004965845,perlin_1280hz_hand_outframe_3
5.62527141,5.37528215,5.87526067,0.49997852,665.4219627045646,337.62476882701753,228.61449360383278,3.532209998308692,0.8683111227561726,28682,101.88156943566163,perlin_1280hz_hand_outframe_3
5.67526048,5.42529416,5.9252268,0.49993263999999993,665.3917065433791,337.58461790406085,228.63693997369896,3.536611425674881,0.8737946835441464,28270,102.42645568313753,perlin_1280hz_hand_outframe_3
5.72527033,5.47528513,5.97525553,0.4999704000000005,665.2311061967856,337.8960216836749,228.31028373442228,3.5505322324282598,0.8953474298730596,27749,102.9820095725043,perlin_1280hz_hand_outframe_3
5.77522595,5.52526307,6.02518883,0.49992576,665.008468316992,338.080908880179,228.0482528068376,3.5642356334712244,0.8948071066509982,27362,103.20399030282654,perlin_1280hz_hand_outframe_3
5.825256489999999,5.57526636,6.07524662,0.49998026000000007,664.8263688636519,338.12945372754456,227.88807089885046,3.5784251124129094,0.8908731160980763,27118,103.40013378875435,perlin_1280hz_hand_outframe_3
5.875267695,5.62529252,6.12524287,0.49995034999999977,664.7569726269406,338.05199534266535,227.8618490997175,3.59543511191259,0.8893242113017522,26903,103.16314391838083,perlin_1280hz_hand_outframe_3
5.925258810000001,5.67527012,6.1752475,0.4999773799999998,665.1714748073914,337.8627233019633,228.27717868911085,3.603502157805804,0.8745306450727767,26669,104.40624418300456,perlin_1280hz_hand_outframe_3
5.97525207,5.72526814,6.225236,0.49996785999999993,665.1235109408054,337.9365976826987,228.2308936751019,3.6149971733119495,0.8816218150682635,26343,104.29890493656772,perlin_1280hz_hand_outframe_3
6.02522875,5.77527308,6.27518442,0.4999113400000006,664.3872661288702,337.8947709572572,227.55065640074503,3.6270376837848617,0.9065073475868989,25696,103.86529937821344,perlin_1280hz_hand_outframe_3
6.075241334999999,5.825284,6.32519867,0.4999146699999999,663.5380424219078,337.70736951449084,226.7478415995536,3.632223666238122,0.9263068521802758,24780,104.64547135697121,perlin_1280hz_hand_outframe_3
6.12525733,5.87526833,6.37524633,0.4999780000000005,663.3946242772104,337.46605051527087,226.5323356406084,3.6241090573384187,0.9380089456283001,23824,104.82717384323131,perlin_1280hz_hand_outframe_3
6.175252025,5.92531405,6.42519,0.49987594999999985,663.6569952781458,337.3173979507852,226.65587558007567,3.614519539535441,0.9576295043540018,22817,104.0994606613768,perlin_1280hz_hand_outframe_3
6.22525788,5.97531603,6.47519973,0.4998836999999998,664.0892084334034,337.6432145009977,227.15392571015192,3.606555037879177,0.938863069959067,21994,105.29737775765287,perlin_1280hz_hand_outframe_3
6.275221005000001,6.02528907,6.52515294,0.49986386999999954,664.6629111583644,338.4040960794632,228.03040678458083,3.6042809553497386,0.9424732179111731,21374,105.02381013189043,perlin_1280hz_hand_outframe_3
6.325252884999999,6.07530506,6.57520071,0.49989565,665.2678729558318,339.78077798472737,229.41329696296972,3.6079756806545222,0.9494485361209719,21242,106.02901062909305,perlin_1280hz_hand_outframe_3
6.375223999999999,6.12526833,6.62517967,0.4999113399999997,665.5022087494636,341.1863843595702,230.71387839195714,3.6209889217504503,0.9259845806494517,21596,104.8056335027516,perlin_1280hz_hand_outframe_3
6.425249055,6.17528311,6.675215,0.49993189000000005,665.4091467238087,340.46002049138735,230.05941292590168,3.6626464467778286,0.9268369437071986,22024,104.33850454408633,perlin_1280hz_hand_outframe_3
6.475249485,6.22527611,6.72522286,0.49994674999999944,665.6448671821588,339.2058984835169,228.89836328996603,3.7083664552840614,0.9208989167495388,22662,105.54763270656717,perlin_1280hz_hand_outframe_3
6.525267715,6.27527543,6.77526,0.4999845700000005,666.2200699858134,337.86183141996037,227.55424048712942,3.740293987651528,0.9100719622700301,23836,107.52019857817204,perlin_1280hz_hand_outframe_3
6.57529219,6.3253565,6.82522788,0.4998713800000001,666.5068328584292,337.5177063785412,227.1419587551917,3.735828725992731,0.8978645205259974,25437,107.68156368373478,perlin_1280hz_hand_outframe_3
6.625281105,6.37530971,6.8752525,0.4999427900000004,667.0175810165372,337.1322520892057,226.55165724992915,3.7262466051868532,0.8804579127100608,27233,108.9168025323879,perlin_1280hz_hand_outframe_3
6.6752503149999995,6.42527127,6.92522936,0.4999580900000007,667.5928033625539,336.9269352536616,226.0033975297134,3.7120497959586545,0.8634960833912618,28993,107.93772421206047,perlin_1280hz_hand_outframe_3
6.72524759,6.47526418,6.975231,0.49996682000000003,667.3748826028752,337.16203957996083,226.28360597574857,3.683585054987976,0.8558124944479624,30670,107.62116819491277,perlin_1280hz_hand_outframe_3
6.775268130000001,6.52527403,7.02526223,0.49998819999999977,666.3597764044388,337.46852544024273,227.26238664149662,3.6430317712972795,0.8480227881782562,31991,106.20159718391535,perlin_1280hz_hand_outframe_3
6.825268195,6.57529603,7.07524036,0.49994432999999994,665.4807815952502,337.5198717329485,228.07405319049826,3.612639032995571,0.839889479311499,32811,105.91950682399246,perlin_1280hz_hand_outframe_3
6.875291035,6.6253294,7.12525267,0.49992327000000003,665.3658630428663,337.5577809673579,228.17934962969647,3.5973923721152548,0.8373632091002149,33066,104.71725241873321,perlin_1280hz_hand_outframe_3
6.925245785,6.67526617,7.1752254,0.49995923,664.9383089355904,337.5097710076954,228.5795907377401,3.578400446391507,0.847712441792017,33308,103.65492764826473,perlin_1280hz_hand_outframe_3
6.975266625,6.72529525,7.225238,0.49994274999999977,664.8093712622309,337.4923487396284,228.69631690240487,3.5640705953536473,0.8477649525142311,33370,103.277742210085,perlin_1280hz_hand_outframe_3
7.025272525,6.77529025,7.2752548,0.4999645499999996,665.0690378239171,337.5739772167779,228.452705786609,3.5582098781571148,0.8494151192657458,33260,103.1361231298442,perlin_1280hz_hand_outframe_3
7.07527039,6.82529007,7.32525071,0.4999606399999994,665.6023257354008,338.1214898046131,227.74477846536303,3.558856856393786,0.8638302420719032,32944,103.26102819569388,perlin_1280hz_hand_outframe_3
7.125246725,6.87526925,7.3752242,0.49995495000000023,665.6298174055255,338.380940035301,227.53684144176998,3.5544883873913875,0.8668449523977093,32471,102.89609400666176,perlin_1280hz_hand_outframe_3
7.175255225000001,6.92526325,7.4252472,0.49998394999999984,665.381887739273,338.13309368891055,227.83988366793884,3.542333351047134,0.8832527036931271,31945,102.37568059553801,perlin_1280hz_hand_outframe_3
7.225263565,6.97527826,7.47524887,0.4999706100000001,665.3904775843339,338.276513245539,227.7139749313727,3.5409359592982628,0.8999405827349923,31362,102.76704557777863,perlin_1280hz_hand_outframe_3
7.27525846,7.025263,7.52525392,0.4999909200000001,665.2509454875371,337.9101388850683,228.06804711038257,3.5325370738848583,0.8954900980285166,30825,101.7995599496995,perlin_1280hz_hand_outframe_3
7.32526805,7.0752991,7.575237,0.4999379000000008,665.2842758656842,337.6319961226525,228.32808380650542,3.5282389685651334,0.8930981928875995,30240,102.51873249800163,perlin_1280hz_hand_outframe_3
7.375272075,7.12532115,7.625223,0.49990184999999965,665.3514531987339,337.7596771083177,228.22986074809475,3.5354868492789344,0.9045478275536926,29685,101.55810704737146,perlin_1280hz_hand_outframe_3
7.42527504,7.17529641,7.67525367,0.4999572600000004,665.2244451268275,337.85869160930395,228.09604491892168,3.539955487228561,0.9174063047767708,29247,102.37660298667055,perlin_1280hz_hand_outframe_3
7.475250900000001,7.2252643,7.7252375,0.49997320000000034,664.8769350115715,338.0801026762517,227.74478273442554,3.554034111369224,0.9286981787549173,28837,103.17424852580862,perlin_1280hz_hand_outframe_3
7.52524575,7.2753065,7.775185,0.49987849999999945,664.5573847304852,338.3322433923058,227.37340243645218,3.574825710394428,0.9423485660487858,28574,103.15965343904672,perlin_1280hz_hand_outframe_3
7.57527511,7.32535919,7.82519103,0.4998318399999997,664.8317089765522,338.11740704585964,227.69358859812968,3.5821791424973504,0.937919039856919,28252,103.30307082909762,perlin_1280hz_hand_outframe_3
7.625261549999999,7.37526467,7.87525843,0.49999375999999973,665.072564124107,337.9280342484991,227.9730555918385,3.5912487960537214,0.9397130295717171,28022,103.4328939710046,perlin_1280hz_hand_outframe_3
7.67528361,7.42531822,7.925249,0.4999307799999997,664.696254291014,338.00760356751874,227.61418131429446,3.6081443409388507,0.9189253999380407,27788,103.71817943486484,perlin_1280hz_hand_outframe_3
7.7252562099999995,7.4752882,7.97522422,0.4999360200000007,664.7841259163157,338.0225027939546,227.69759133001156,3.6127834976638007,0.9182722827994148,27420,104.01864279999657,perlin_1280hz_hand_outframe_3
7.775248615,7.5252655,8.02523173,0.49996623000000007,664.0703187907112,337.9032696941081,227.02684603499907,3.6224778868420886,0.926794180965988,26652,104.36752970612613,perlin_1280hz_hand_outframe_3
7.825273684999999,7.57529043,8.07525694,0.49996650999999925,663.7467140933326,337.68026789728395,226.6791436326661,3.619263354261328,0.9396403570434471,25613,103.74842086217687,perlin_1280hz_hand_outframe_3
7.875239295,7.62526909,8.1252095,0.49994041000000067,664.1140095714395,337.80524516422344,227.03857773816264,3.6065556424410117,0.9443006119721123,24519,104.27443804705909,perlin_1280hz_hand_outframe_3
7.92528593,7.67536606,8.1752058,0.49983974000000053,664.3358946549774,337.90985000587534,227.25690893992896,3.592226652968954,0.9373229358144627,23371,104.35493241833974,perlin_1280hz_hand_outframe_3
7.975245535000001,7.72529071,8.22520036,0.4999096500000002,664.5877317041167,337.9849064880915,227.4738431196647,3.592827672510329,0.9476454092307675,22463,106.32705184481101,perlin_1280hz_hand_outframe_3
8.02524881,7.77526262,8.275235,0.49997238,664.9294305629286,338.5554265794477,228.08905826831483,3.602471501950155,0.9264305158616267,21796,105.61156275449751,perlin_1280hz_hand_outframe_3
8.07525172,7.82527744,8.325226,0.4999485600000009,665.4475127632057,339.7733513561923,229.30145255864355,3.6146024758819078,0.9197050800438027,21784,105.91565567384178,perlin_1280hz_hand_outframe_3
8.125263665,7.87527533,8.375252,0.4999766699999997,665.5872398823229,340.1840148856113,229.6927368785029,3.64236504324081,0.9123122631203838,22116,104.56562867088716,perlin_1280hz_hand_outframe_3
8.175256105,7.92528054,8.42523167,0.49995113000000035,665.4941564531276,340.0304773013854,229.55791649405484,3.6801092516157428,0.9155146036019025,22645,105.53786797556462,perlin_1280hz_hand_outframe_3
8.225263975,7.97528008,8.47524787,0.49996779000000036,665.7759275320354,338.13635541769565,227.82158290073576,3.7350484994555453,0.9306732249716495,23558,106.57810845270042,perlin_1280hz_hand_outframe_3
8.275257655,8.02528831,8.525227,0.4999386899999987,666.102012234196,337.66172142326025,227.30055291998787,3.750628213374007,0.9245516468375282,24904,106.92080406769564,perlin_1280hz_hand_outframe_3
8.325323749999999,8.07538725,8.57526025,0.4998729999999991,666.6798921672939,336.99537110002314,226.48422569514256,3.753305372033041,0.917333457855998,26625,107.04691394710333,perlin_1280hz_hand_outframe_3
8.375310865,8.12536873,8.625253,0.4998842700000008,667.0640562964197,336.9195266895123,226.1743771910219,3.737506920619725,0.8917334702181217,28544,108.28577883883642,perlin_1280hz_hand_outframe_3
8.425267654999999,8.17530286,8.67523245,0.4999295899999989,667.2320024039282,336.91720787848436,226.04503249840292,3.712674676411956,0.8863555037244925,30446,108.34767964030338,perlin_1280hz_hand_outframe_3
8.475262975,8.2252812,8.72524475,0.49996355000000037,666.5558105666535,337.41848896706574,226.80759399874626,3.6748195696819144,0.8796529634761957,32092,106.47735532511298,perlin_1280hz_hand_outframe_3
8.525265665,8.27529133,8.77524,0.4999486700000002,665.7965449230492,337.5186948117638,227.51146255757016,3.6420866397750213,0.8749310608858243,33424,106.1506448308916,perlin_1280hz_hand_outframe_3
8.57525528,8.32528,8.82523056,0.49995056000000027,665.3394145382587,337.52856523042254,227.93605516164868,3.617881854036728,0.8573194468964078,34095,104.08018031114618,perlin_1280hz_hand_outframe_3
8.62527322,8.37532804,8.8752184,0.4998903600000002,665.2465250625812,337.6000218093689,228.01434828445974,3.6014296640984047,0.8571445378381447,34388,103.2153216462313,perlin_1280hz_hand_outframe_3
8.67532078,8.42538902,8.92525254,0.4998635199999999,665.4646670978053,337.8062565617268,227.771509726555,3.5928600413671816,0.8571623358743032,34501,104.01111284376306,perlin_1280hz_hand_outframe_3
8.72526761,8.47528,8.97525522,0.4999752199999996,664.8541742403755,337.4787538206077,228.41571200602615,3.570684431980324,0.853169417515502,34319,103.59362303703058,perlin_1280hz_hand_outframe_3
8.775264555,8.52527311,9.025256,0.49998289000000007,665.1542351456343,337.742147202069,228.04867025177285,3.5662811495909565,0.8572773938141688,34033,103.75994463685163,perlin_1280hz_hand_outframe_3
8.825277,8.57530325,9.07525075,0.4999475000000011,665.3423851749794,337.87975760671105,227.83271419957734,3.5608618025317447,0.8600445721970522,33665,102.94094837571352,perlin_1280hz_hand_outframe_3
8.8752485,8.625278,9.125219,0.49994099999999975,665.3922778113936,338.1163213179778,227.6277656209281,3.558141112550458,0.8831207570119094,33245,103.55181793152005,perlin_1280hz_hand_outframe_3
8.925261339999999,8.67527621,9.17524647,0.49997025999999956,665.505830359029,338.2473256387842,227.47765794530244,3.556135238657088,0.8904109683975442,32651,102.73439759600356,perlin_1280hz_hand_outframe_3
8.97527807,8.72530525,9.22525089,0.49994563999999997,665.3668078962314,338.45450931283176,227.32262671688068,3.558057339829628,0.8936287141383547,32130,102.76727295885561,perlin_1280hz_hand_outframe_3
9.02524265,8.7752973,9.275188,0.4998906999999999,665.246154323697,337.8206587468828,227.9192676848335,3.546722630844206,0.8937733034983711,31501,102.16557604394211,perlin_1280hz_hand_outframe_3
9.07522661,8.82526455,9.32518867,0.4999241199999993,665.2968272883243,337.52236016057293,228.20620711048366,3.5395611028004033,0.9153407927727457,31005,102.08208574250105,perlin_1280hz_hand_outframe_3
9.1252615,8.8752931,9.3752299,0.4999368000000004,665.4055990149202,337.2177425786036,228.5051867235669,3.535419905631486,0.9117832726734953,30463,103.04037688834805,perlin_1280hz_hand_outframe_3
9.17524762,8.9252634,9.42523184,0.49996843999999996,665.2766593819671,337.5859196829764,228.1508412725536,3.544679148958981,0.9192021492675277,29872,103.71762245106818,perlin_1280hz_hand_outframe_3
9.22525068,8.9752665,9.47523486,0.49996836000000044,664.8869109495522,337.9814965159834,227.64105268833453,3.5635085636602657,0.9312142297153477,29459,103.70410951044525,perlin_1280hz_hand_outframe_3
9.275229795000001,9.02528459,9.525175,0.4998904100000008,664.3226792480789,338.3915475521097,227.00091319189883,3.5845553342437326,0.9433671155631095,29127,103.61133210822587,perlin_1280hz_hand_outframe_3
9.325259185,9.07527457,9.5752438,0.4999692300000014,664.3030232198196,338.2973392944962,227.0303181549197,3.5977723000646593,0.9470478299218336,28936,104.13479300738953,perlin_1280hz_hand_outframe_3
9.375257585,9.1252853,9.62522987,0.49994457000000025,663.9695255763179,338.24536186433073,226.7686887484642,3.6191732447336125,0.9428658699266875,28664,104.47994499298497,perlin_1280hz_hand_outframe_3
9.42526131,9.17527981,9.67524281,0.49996300000000105,665.0462208652832,337.93738258166627,227.80332876730353,3.6165321504850145,0.9422369477862528,28441,104.0560708693996,perlin_1280hz_hand_outframe_3
9.475260214999999,9.22527543,9.725245,0.4999695699999993,665.2827958468001,337.9882989437395,228.01969444187193,3.6253808007789883,0.9371004547354109,27922,104.05678267001355,perlin_1280hz_hand_outframe_3
9.525255940000001,9.27526738,9.7752445,0.4999771199999987,664.6723871288507,337.96025212437587,227.45733038992483,3.632905356757675,0.9540991188488269,27026,103.97817438589166,perlin_1280hz_hand_outframe_3
9.575237335,9.32526532,9.82520935,0.49994403,664.4651118107008,337.86134307124473,227.247119533494,3.624679851444689,0.9428141479249101,25895,105.30330292463682,perlin_1280hz_hand_outframe_3
9.625261035000001,9.37529507,9.875227,0.4999319300000007,664.0357395069753,337.52329759848436,226.7447152251448,3.6180345705023735,0.9612077244044765,24756,105.00378640008731,perlin_1280hz_hand_outframe_3
9.67526082,9.42526378,9.92525786,0.49999408000000045,664.0543079777912,337.4055905398782,226.69380009821802,3.6132680188682236,0.9783444945112437,23824,104.26316675008096,perlin_1280hz_hand_outframe_3
9.72526646,9.47530317,9.97522975,0.49992658000000034,664.260121367835,337.40323892003175,226.8237053307562,3.6183794804316975,0.9795841139077814,22938,105.37803455054281,perlin_1280hz_hand_outframe_3
9.77525025,9.5252635,10.025237,0.4999735000000012,664.6680316137031,337.97675494952887,227.47711465307583,3.6327848740751905,0.9616562876237483,22477,106.72572534892494,perlin_1280hz_hand_outframe_3
9.825261285,9.57529857,10.075224,0.4999254300000011,665.3288086089796,339.62736941214916,229.10327334292947,3.63930410872308,0.9660798848749182,22456,105.33214489205672,perlin_1280hz_hand_outframe_3
9.87526957,9.62529214,10.125247,0.499954859999999,665.3936069499406,340.96089047122655,230.31917471697662,3.6528490959411433,0.9478132381517322,22786,105.20973755936609,perlin_1280hz_hand_outframe_3
9.925257375000001,9.67527175,10.175243,0.49997124999999976,665.3590897400577,339.5549595028832,229.05889477870076,3.7029369482154424,0.9760567772416264,23247,105.66932875609638,perlin_1280hz_hand_outframe_3
9.975253545000001,9.72527559,10.2252315,0.49995590999999884,665.7224067557197,338.16175875423505,227.74355109064288,3.747143111347094,0.9769517920490296,24165,107.15998899682464,perlin_1280hz_hand_outframe_3
10.025293305,9.77534931,10.2752373,0.4998879900000013,665.9885612416075,337.80453285819056,227.33516366093576,3.757917670681772,0.9414603950437791,25616,107.24183316007029,perlin_1280hz_hand_outframe_3
10.07526962,9.82528124,10.325258,0.49997675999999913,666.4619182629117,337.4577308639849,226.80786680830738,3.7502633742262788,0.9225314479121833,27342,107.73394711758503,perlin_1280hz_hand_outframe_3
10.12527896,9.87531522,10.3752427,0.4999274800000002,666.8231126648905,337.29363890234737,226.4545045089662,3.729826719857231,0.9052272660480097,29258,107.69761904190474,perlin_1280hz_hand_outframe_3
10.175267175,9.92528475,10.4252496,0.49996485000000135,667.2900196721946,337.0528452224595,225.9733018784209,3.710798783133631,0.8897952305019465,31142,107.45642177002766,perlin_1280hz_hand_outframe_3
10.22524954,9.97526808,10.475231,0.49996292000000153,666.8372451751898,337.349254016215,226.46587946254039,3.673596783505815,0.8717337892297822,32811,107.00096666108688,perlin_1280hz_hand_outframe_3
10.27527345,10.0252922,10.5252547,0.49996249999999876,666.0019199191104,337.44565225402425,227.23724091275082,3.640232541750473,0.8699343799504584,33933,105.4962475978983,perlin_1280hz_hand_outframe_3
10.32529675,10.075349,10.5752445,0.49989550000000094,665.3179928918577,337.523191847531,227.8679351720672,3.6122100627354348,0.8682226218702697,34472,104.42258425229595,perlin_1280hz_hand_outframe_3
10.37528365,10.1253121,10.6252552,0.4999430999999994,665.5256614361808,337.6725193884401,227.65641344535968,3.597884542865121,0.8599078994308352,34754,103.8893752146674,perlin_1280hz_hand_outframe_3
10.4252467,10.1752683,10.6752251,0.49995679999999965,664.873107241179,337.5263059991381,228.2752377071106,3.574251865538236,0.8556569007166563,34822,102.53390581819141,perlin_1280hz_hand_outframe_3
10.4752791,10.2253022,10.725256,0.4999538000000001,664.592918244589,337.24854403270814,228.62622405326317,3.5582949095868144,0.8705798185987119,34702,102.63861139222978,perlin_1280hz_hand_outframe_3
10.525260549999999,10.2752644,10.7752567,0.4999923000000006,664.7256529855409,337.2835440310944,228.50866505789458,3.548481473405175,0.8816681112719525,34438,103.20298073829545,perlin_1280hz_hand_outframe_3
10.575265,10.3252703,10.8252597,0.4999894000000005,665.4614441448723,338.054115368774,227.51815126448136,3.555737327980106,0.8923855373212499,34112,102.9273943445694,perlin_1280hz_hand_outframe_3
10.6252605,10.3752731,10.8752479,0.4999748000000004,665.528994276044,338.520454747733,227.1213062401663,3.5563490691841557,0.8961310220396173,33597,102.46908635151384,perlin_1280hz_hand_outframe_3
